SN,Transaction Details,Date,Month,State,Region,Model,Quantity Sold
1,ORD0014010123TNSHBK,1/1/2023,January,Tamil Nadu,South,Hatchback,1
2,ORD0045010323TNSHBK,1/3/2023,January,Tamil Nadu,South,Hatchback,3
3,ORD0046012723TNSHBK,1/27/2023,January,Tamil Nadu,South,Hatchback,4
4,ORD0047010423TNSHBK,1/4/2023,January,Tamil Nadu,South,Hatchback,1
5,ORD0015010323TNSSUV,1/3/2023,January,Tamil Nadu,South,SUV,3
6,ORD0048010623TNSSUV,1/6/2023,January,Tamil Nadu,South,SUV,3
7,ORD0049010923TNSSUV,1/9/2023,January,Tamil Nadu,South,SUV,2
8,ORD0016010523TNSSDN,1/5/2023,January,Tamil Nadu,South,Sedan,2
9,ORD0050011023TNSSDN,1/10/2023,January,Tamil Nadu,South,Sedan,2
10,ORD0051010623TNSSDN,1/6/2023,January,Tamil Nadu,South,Sedan,2
11,ORD0017010723KASHBK,1/7/2023,January,Karnataka,South,Hatchback,4
12,ORD0052011623KASHBK,1/16/2023,January,Karnataka,South,Hatchback,1
13,ORD0053012123KASHBK,1/21/2023,January,Karnataka,South,Hatchback,3
14,ORD0018010923KASSUV,1/9/2023,January,Karnataka,South,SUV,3
15,ORD0054011123KASSUV,1/11/2023,January,Karnataka,South,SUV,3
16,ORD0055011223KASSUV,1/12/2023,January,Karnataka,South,SUV,3
17,ORD0019011123KASSDN,1/11/2023,January,Karnataka,South,Sedan,2
18,ORD0056011323KASSDN,1/13/2023,January,Karnataka,South,Sedan,2
19,ORD0020011323APSHBK,1/13/2023,January,Andhra Pradesh,South,Hatchback,3
20,ORD0057011423APSHBK,1/14/2023,January,Andhra Pradesh,South,Hatchback,2
21,ORD0058012123APSHBK,1/21/2023,January,Andhra Pradesh,South,Hatchback,4
22,ORD0021011523APSSUV,1/15/2023,January,Andhra Pradesh,South,SUV,3
23,ORD0059011723APSSUV,1/17/2023,January,Andhra Pradesh,South,SUV,4
24,ORD0060012323APSSUV,1/23/2023,January,Andhra Pradesh,South,SUV,2
25,ORD0022011723APSSDN,1/17/2023,January,Andhra Pradesh,South,Sedan,2
26,ORD0061011523APSSDN,1/15/2023,January,Andhra Pradesh,South,Sedan,2
27,ORD0023011923MHSHBK,1/19/2023,January,Maharashtra,South,Hatchback,2
28,ORD0062012223MHSHBK,1/22/2023,January,Maharashtra,South,Hatchback,3
29,ORD0063011523MHSHBK,1/15/2023,January,Maharashtra,South,Hatchback,2
30,ORD0064010923MHSHBK,1/9/2023,January,Maharashtra,South,Hatchback,4
31,ORD0023012123MHSSUV,1/21/2023,January,Maharashtra,South,SUV,4
32,ORD0065012323MHSSUV,1/23/2023,January,Maharashtra,South,SUV,5
33,ORD0023012823MHSSUV,1/28/2023,January,Maharashtra,South,SUV,3
34,ORD0025012323MHSSDN,1/23/2023,January,Maharashtra,South,Sedan,3
35,ORD0066011923MHSSDN,1/19/2023,January,Maharashtra,South,Sedan,2
36,ORD0026012523GJWHBK,1/25/2023,January,Gujarat,West,Hatchback,3
37,ORD0067010323GJWHBK,1/3/2023,January,Gujarat,West,Hatchback,5
38,ORD0068011123GJWHBK,1/11/2023,January,Gujarat,West,Hatchback,6
39,ORD0069011323GJWHBK,1/13/2023,January,Gujarat,West,Hatchback,5
40,ORD0027012723GJWSUV,1/27/2023,January,Gujarat,West,SUV,1
41,ORD0070012323GJWSUV,1/23/2023,January,Gujarat,West,SUV,1
42,ORD0071012923GJWSUV,1/29/2023,January,Gujarat,West,SUV,1
43,ORD0028012923GJWSDN,1/29/2023,January,Gujarat,West,Sedan,2
44,ORD0072013023GJWSDN,1/30/2023,January,Gujarat,West,Sedan,2
45,ORD0073012123GJWSDN,1/21/2023,January,Gujarat,West,Sedan,4
46,ORD0029011223RJWHBK,1/12/2023,January,Rajasthan,West,Hatchback,6
47,ORD0074010923RJWHBK,1/9/2023,January,Rajasthan,West,Hatchback,5
48,ORD0075011523RJWHBK,1/15/2023,January,Rajasthan,West,Hatchback,3
49,ORD0076012823RJWHBK,1/28/2023,January,Rajasthan,West,Hatchback,5
50,ORD0030011423RJWSUV,1/14/2023,January,Rajasthan,West,SUV,1
51,ORD0077011223RJWSUV,1/12/2023,January,Rajasthan,West,SUV,1
52,ORD0078012923RJWSUV,1/29/2023,January,Rajasthan,West,SUV,2
53,ORD0031011623RJWSDN,1/16/2023,January,Rajasthan,West,Sedan,4
54,ORD0079011723RJWSDN,1/17/2023,January,Rajasthan,West,Sedan,2
55,ORD0032011823HANHBK,1/18/2023,January,Haryana,North,Hatchback,6
56,ORD0080011823HANHBK,1/18/2023,January,Haryana,North,Hatchback,7
57,ORD0081011823HANHBK,1/18/2023,January,Haryana,North,Hatchback,6
58,ORD0033012023HANSUV,1/20/2023,January,Haryana,North,SUV,2
59,ORD0082012323HANSUV,1/23/2023,January,Haryana,North,SUV,3
60,ORD0083011323HANSUV,1/13/2023,January,Haryana,North,SUV,3
61,ORD0034012223HANSDN,1/22/2023,January,Haryana,North,Sedan,2
62,ORD0084012323HANSDN,1/23/2023,January,Haryana,North,Sedan,2
63,ORD0085010423HANSDN,1/4/2023,January,Haryana,North,Sedan,4
64,ORD0035012323PNNHBK,1/23/2023,January,Punjab,North,Hatchback,3
65,ORD0086010323PNNHBK,1/3/2023,January,Punjab,North,Hatchback,5
66,ORD0087011423PNNHBK,1/14/2023,January,Punjab,North,Hatchback,4
67,ORD0088011523PNNHBK,1/15/2023,January,Punjab,North,Hatchback,2
68,ORD0036012623PNNSUV,1/26/2023,January,Punjab,North,SUV,3
69,ORD0089011123PNNSUV,1/11/2023,January,Punjab,North,SUV,2
70,ORD0090011623PNNSUV,1/16/2023,January,Punjab,North,SUV,1
71,ORD0037012823PNNSDN,1/28/2023,January,Punjab,North,Sedan,3
72,ORD0091011723PNNSDN,1/17/2023,January,Punjab,North,Sedan,3
73,ORD0038012323UPNHBK,1/23/2023,January,Uttar Pradesh,North,Hatchback,5
74,ORD0092012523UPNHBK,1/25/2023,January,Uttar Pradesh,North,Hatchback,6
75,ORD0093011023UPNHBK,1/10/2023,January,Uttar Pradesh,North,Hatchback,5
76,ORD0031012023UPNSUV,1/20/2023,January,Uttar Pradesh,North,SUV,3
77,ORD0094010523UPNSUV,1/5/2023,January,Uttar Pradesh,North,SUV,2
78,ORD0095011223UPNSUV,1/12/2023,January,Uttar Pradesh,North,SUV,3
79,ORD0040012123UPNSDN,1/21/2023,January,Uttar Pradesh,North,Sedan,3
80,ORD0096011323UPNSDN,1/13/2023,January,Uttar Pradesh,North,Sedan,3
81,ORD0041011823WBEHBK,1/18/2023,January,West Bengal,East,Hatchback,1
82,ORD0097012023WBEHBK,1/20/2023,January,West Bengal,East,Hatchback,3
83,ORD0098011423WBEHBK,1/14/2023,January,West Bengal,East,Hatchback,2
84,ORD0099011723WBEHBK,1/17/2023,January,West Bengal,East,Hatchback,1
85,ORD0042011723WBESUV,1/17/2023,January,West Bengal,East,SUV,3
86,ORD0100011923WBESUV,1/19/2023,January,West Bengal,East,SUV,3
87,ORD0043011623WBESDN,1/16/2023,January,West Bengal,East,Sedan,4
88,ORD0044020123TNSHBK,2/1/2023,February,Tamil Nadu,South,Hatchback,4
89,ORD0101022123TNSHBK,2/21/2023,February,Tamil Nadu,South,Hatchback,5
90,ORD0102021323TNSHBK,2/13/2023,February,Tamil Nadu,South,Hatchback,4
91,ORD0045020223TNSSUV,2/2/2023,February,Tamil Nadu,South,SUV,3
92,ORD0103021423TNSSUV,2/14/2023,February,Tamil Nadu,South,SUV,4
93,ORD0104022723TNSSUV,2/27/2023,February,Tamil Nadu,South,SUV,2
94,ORD0046020323TNSSDN,2/3/2023,February,Tamil Nadu,South,Sedan,2
95,ORD0010022123TNSSDN,2/21/2023,February,Tamil Nadu,South,Sedan,2
96,ORD0106021923TNSSDN,2/19/2023,February,Tamil Nadu,South,Sedan,1
97,ORD0047020423KASHBK,2/4/2023,February,Karnataka,South,Hatchback,3
98,ORD0108020623KASHBK,2/6/2023,February,Karnataka,South,Hatchback,4
99,ORD0109021723KASHBK,2/17/2023,February,Karnataka,South,Hatchback,4
100,ORD0048020523KASSUV,2/5/2023,February,Karnataka,South,SUV,5
101,ORD0110021423KASSUV,2/14/2023,February,Karnataka,South,SUV,3
102,ORD0049020623KASSDN,2/6/2023,February,Karnataka,South,Sedan,2
103,ORD0111020923KASSDN,2/9/2023,February,Karnataka,South,Sedan,2
104,ORD0050020723APSHBK,2/7/2023,February,Andhra Pradesh,South,Hatchback,4
105,ORD0112021923APSHBK,2/19/2023,February,Andhra Pradesh,South,Hatchback,2
106,ORD0113022323APSHBK,2/23/2023,February,Andhra Pradesh,South,Hatchback,1
107,ORD0051020823APSSUV,2/8/2023,February,Andhra Pradesh,South,SUV,3
108,ORD0114021423APSSUV,2/14/2023,February,Andhra Pradesh,South,SUV,3
109,ORD0052020923APSSDN,2/9/2023,February,Andhra Pradesh,South,Sedan,1
110,ORD0115021123APSSDN,2/11/2023,February,Andhra Pradesh,South,Sedan,2
111,ORD0116021323MHSHBK,2/13/2023,February,Maharashtra,South,Hatchback,4
112,ORD0117022823MHSHBK,2/28/2023,February,Maharashtra,South,Hatchback,2
113,ORD0118021423MHSHBK,2/14/2023,February,Maharashtra,South,Hatchback,3
114,ORD0119020823MHSHBK,2/8/2023,February,Maharashtra,South,Hatchback,1
115,ORD0120021623MHSHBK,2/16/2023,February,Maharashtra,South,Hatchback,3
116,ORD0054021123MHSSUV,2/11/2023,February,Maharashtra,South,SUV,3
117,ORD0121020623MHSSUV,2/6/2023,February,Maharashtra,South,SUV,3
118,ORD0122020823MHSSUV,2/8/2023,February,Maharashtra,South,SUV,4
119,ORD0123020923MHSSUV,2/9/2023,February,Maharashtra,South,SUV,3
120,ORD0123021023MHSSUV,2/10/2023,February,Maharashtra,South,SUV,2
121,ORD0055021223MHSSDN,2/12/2023,February,Maharashtra,South,Sedan,4
122,ORD0125021823MHSSDN,2/18/2023,February,Maharashtra,South,Sedan,2
123,ORD0126021623MHSSDN,2/16/2023,February,Maharashtra,South,Sedan,2
124,ORD0056021323GJWHBK,2/13/2023,February,Gujarat,West,Hatchback,5
125,ORD0127021823GJWHBK,2/18/2023,February,Gujarat,West,Hatchback,4
126,ORD0128020623GJWHBK,2/6/2023,February,Gujarat,West,Hatchback,3
127,ORD0129022723GJWHBK,2/27/2023,February,Gujarat,West,Hatchback,5
128,ORD0057021423GJWSUV,2/14/2023,February,Gujarat,West,SUV,3
129,ORD0130022223GJWSUV,2/22/2023,February,Gujarat,West,SUV,2
130,ORD0131022523GJWSUV,2/25/2023,February,Gujarat,West,SUV,3
131,ORD0058021523GJWSDN,2/15/2023,February,Gujarat,West,Sedan,3
132,ORD0132020923GJWSDN,2/9/2023,February,Gujarat,West,Sedan,3
133,ORD0133020523GJWSDN,2/5/2023,February,Gujarat,West,Sedan,4
134,ORD0059021623RJWHBK,2/16/2023,February,Rajasthan,West,Hatchback,4
135,ORD0134022623RJWHBK,2/26/2023,February,Rajasthan,West,Hatchback,5
136,ORD0135021323RJWHBK,2/13/2023,February,Rajasthan,West,Hatchback,6
137,ORD0136022623RJWHBK,2/26/2023,February,Rajasthan,West,Hatchback,3
138,ORD0137021123RJWHBK,2/11/2023,February,Rajasthan,West,Hatchback,4
139,ORD0060021723RJWSUV,2/17/2023,February,Rajasthan,West,SUV,2
140,ORD0138021723RJWSUV,2/17/2023,February,Rajasthan,West,SUV,1
141,ORD0139021723RJWSUV,2/17/2023,February,Rajasthan,West,SUV,1
142,ORD0061021823RJWSDN,2/18/2023,February,Rajasthan,West,Sedan,4
143,ORD0140020623RJWSDN,2/6/2023,February,Rajasthan,West,Sedan,3
144,ORD0141021523RJWSDN,2/15/2023,February,Rajasthan,West,Sedan,3
145,ORD0142021923HANHBK,2/19/2023,February,Haryana,North,Hatchback,6
146,ORD0143021523HANHBK,2/15/2023,February,Haryana,North,Hatchback,5
147,ORD0144021423HANHBK,2/14/2023,February,Haryana,North,Hatchback,3
148,ORD0145022323HANHBK,2/23/2023,February,Haryana,North,Hatchback,6
149,ORD0063022023HANSUV,2/20/2023,February,Haryana,North,SUV,3
150,ORD0146022223HANSUV,2/22/2023,February,Haryana,North,SUV,1
151,ORD0147021323HANSUV,2/13/2023,February,Haryana,North,SUV,2
152,ORD0148021723HANSUV,2/17/2023,February,Haryana,North,SUV,3
153,ORD0064022123HANSDN,2/21/2023,February,Haryana,North,Sedan,4
154,ORD0149021523HANSDN,2/15/2023,February,Haryana,North,Sedan,4
155,ORD0065022223PNNHBK,2/22/2023,February,Punjab,North,Hatchback,5
156,ORD0150021723PNNHBK,2/17/2023,February,Punjab,North,Hatchback,5
157,ORD0151021423PNNHBK,2/14/2023,February,Punjab,North,Hatchback,3
158,ORD0152022323PNNHBK,2/23/2023,February,Punjab,North,Hatchback,6
159,ORD0153022623PNNHBK,2/26/2023,February,Punjab,North,Hatchback,3
160,ORD0066022323PNNSUV,2/23/2023,February,Punjab,North,SUV,4
161,ORD0154021223PNNSUV,2/12/2023,February,Punjab,North,SUV,4
162,ORD0067022323PNNSDN,2/23/2023,February,Punjab,North,Sedan,3
163,ORD0155021323PNNSDN,2/13/2023,February,Punjab,North,Sedan,3
164,ORD0068022523UPNHBK,2/25/2023,February,Uttar Pradesh,North,Hatchback,3
165,ORD0156022523UPNHBK,2/25/2023,February,Uttar Pradesh,North,Hatchback,4
166,ORD0157022523UPNHBK,2/25/2023,February,Uttar Pradesh,North,Hatchback,2
167,ORD0158022523UPNHBK,2/25/2023,February,Uttar Pradesh,North,Hatchback,5
168,ORD0069022623UPNSUV,2/26/2023,February,Uttar Pradesh,North,SUV,2
169,ORD0159020623UPNSUV,2/6/2023,February,Uttar Pradesh,North,SUV,3
170,ORD0160021823UPNSUV,2/18/2023,February,Uttar Pradesh,North,SUV,2
171,ORD0070022723UPNSDN,2/27/2023,February,Uttar Pradesh,North,Sedan,3
172,ORD0161022223UPNSDN,2/22/2023,February,Uttar Pradesh,North,Sedan,3
173,ORD0071022823WBEHBK,2/28/2023,February,West Bengal,East,Hatchback,2
174,ORD0162022823WBEHBK,2/28/2023,February,West Bengal,East,Hatchback,3
175,ORD0163022823WBEHBK,2/28/2023,February,West Bengal,East,Hatchback,2
176,ORD0164022823WBEHBK,2/28/2023,February,West Bengal,East,Hatchback,2
177,ORD0072021123WBESUV,2/11/2023,February,West Bengal,East,SUV,2
178,ORD0165021223WBESUV,2/12/2023,February,West Bengal,East,SUV,2
179,ORD0166022323WBESUV,2/23/2023,February,West Bengal,East,SUV,3
180,ORD0073021123WBESDN,2/11/2023,February,West Bengal,East,Sedan,3
181,ORD0167020823WBESDN,2/8/2023,February,West Bengal,East,Sedan,4
182,ORD0074030123TNSHBK,3/1/2023,March,Tamil Nadu,South,Hatchback,4
183,ORD0168030323TNSHBK,3/3/2023,March,Tamil Nadu,South,Hatchback,2
184,ORD0169030123TNSHBK,3/1/2023,March,Tamil Nadu,South,Hatchback,3
185,ORD0170032323TNSHBK,3/23/2023,March,Tamil Nadu,South,Hatchback,2
186,ORD0075030223TNSSUV,3/2/2023,March,Tamil Nadu,South,SUV,4
187,ORD0171032323TNSSUV,3/23/2023,March,Tamil Nadu,South,SUV,4
188,ORD0076030323TNSSDN,3/3/2023,March,Tamil Nadu,South,Sedan,3
189,ORD0172032323TNSSDN,3/23/2023,March,Tamil Nadu,South,Sedan,2
190,ORD0077030423KASHBK,3/4/2023,March,Karnataka,South,Hatchback,1
191,ORD0173030723KASHBK,3/7/2023,March,Karnataka,South,Hatchback,4
192,ORD0172030923KASHBK,3/9/2023,March,Karnataka,South,Hatchback,3
193,ORD0173031723KASHBK,3/17/2023,March,Karnataka,South,Hatchback,2
194,ORD0174032123KASHBK,3/21/2023,March,Karnataka,South,Hatchback,1
195,ORD0078030523KASSUV,3/5/2023,March,Karnataka,South,SUV,5
196,ORD0175031123KASSUV,3/11/2023,March,Karnataka,South,SUV,2
197,ORD0079030623KASSDN,3/6/2023,March,Karnataka,South,Sedan,3
198,ORD0176032223KASSDN,3/22/2023,March,Karnataka,South,Sedan,2
199,ORD0080030723APSHBK,3/7/2023,March,Andhra Pradesh,South,Hatchback,2
200,ORD0177030723APSHBK,3/7/2023,March,Andhra Pradesh,South,Hatchback,3
201,ORD0178030723APSHBK,3/7/2023,March,Andhra Pradesh,South,Hatchback,4
202,ORD0179030723APSHBK,3/7/2023,March,Andhra Pradesh,South,Hatchback,1
203,ORD0081030823APSSUV,3/8/2023,March,Andhra Pradesh,South,SUV,4
204,ORD0180032623APSSUV,3/26/2023,March,Andhra Pradesh,South,SUV,4
205,ORD0082030923APSSDN,3/9/2023,March,Andhra Pradesh,South,Sedan,3
206,ORD0181032023APSSDN,3/20/2023,March,Andhra Pradesh,South,Sedan,2
207,ORD0083031023MHSHBK,3/10/2023,March,Maharashtra,South,Hatchback,4
208,ORD0182032123MHSHBK,3/21/2023,March,Maharashtra,South,Hatchback,3
209,ORD0183031523MHSHBK,3/15/2023,March,Maharashtra,South,Hatchback,2
210,ORD0184031223MHSHBK,3/12/2023,March,Maharashtra,South,Hatchback,4
211,ORD0084031123MHSSUV,3/11/2023,March,Maharashtra,South,SUV,5
212,ORD0185031523MHSSUV,3/15/2023,March,Maharashtra,South,SUV,4
213,ORD0186032323MHSSUV,3/23/2023,March,Maharashtra,South,SUV,3
214,ORD0085031223MHSSDN,3/12/2023,March,Maharashtra,South,Sedan,3
215,ORD0187031523MHSSDN,3/15/2023,March,Maharashtra,South,Sedan,3
216,ORD0086031323GJWHBK,3/13/2023,March,Gujarat,West,Hatchback,5
217,ORD0188031523GJWHBK,3/15/2023,March,Gujarat,West,Hatchback,6
218,ORD0189032223GJWHBK,3/22/2023,March,Gujarat,West,Hatchback,4
219,ORD0190032123GJWHBK,3/21/2023,March,Gujarat,West,Hatchback,6
220,ORD0087031423GJWSUV,3/14/2023,March,Gujarat,West,SUV,1
221,ORD0191032323GJWSUV,3/23/2023,March,Gujarat,West,SUV,2
222,ORD0192031623GJWSUV,3/16/2023,March,Gujarat,West,SUV,3
223,ORD0088031523GJWSDN,3/15/2023,March,Gujarat,West,Sedan,5
224,ORD0193032823GJWSDN,3/28/2023,March,Gujarat,West,Sedan,3
225,ORD0089031623RJWHBK,3/16/2023,March,Rajasthan,West,Hatchback,5
226,ORD0194030923RJWHBK,3/9/2023,March,Rajasthan,West,Hatchback,4
227,ORD0195031723RJWHBK,3/17/2023,March,Rajasthan,West,Hatchback,6
228,ORD0196032223RJWHBK,3/22/2023,March,Rajasthan,West,Hatchback,5
229,ORD0090031723RJWSUV,3/17/2023,March,Rajasthan,West,SUV,1
230,ORD0197031623RJWSUV,3/16/2023,March,Rajasthan,West,SUV,2
231,ORD0198030523RJWSUV,3/5/2023,March,Rajasthan,West,SUV,2
232,ORD0091031823RJWSDN,3/18/2023,March,Rajasthan,West,Sedan,4
233,ORD0200032023RJWSDN,3/20/2023,March,Rajasthan,West,Sedan,3
234,ORD0092031923HANHBK,3/19/2023,March,Haryana,North,Hatchback,6
235,ORD0201031023HANHBK,3/10/2023,March,Haryana,North,Hatchback,4
236,ORD0202031323HANHBK,3/13/2023,March,Haryana,North,Hatchback,6
237,ORD0203032123HANHBK,3/21/2023,March,Haryana,North,Hatchback,3
238,ORD0093032023HANSUV,3/20/2023,March,Haryana,North,SUV,3
239,ORD0204032023HANSUV,3/20/2023,March,Haryana,North,SUV,2
240,ORD0205032023HANSUV,3/20/2023,March,Haryana,North,SUV,3
241,ORD0094032123HANSDN,3/21/2023,March,Haryana,North,Sedan,4
242,ORD0206031723HANSDN,3/17/2023,March,Haryana,North,Sedan,3
243,ORD0095032223PNNHBK,3/22/2023,March,Punjab,North,Hatchback,5
244,ORD0207032223PNNHBK,3/22/2023,March,Punjab,North,Hatchback,4
245,ORD0208032223PNNHBK,3/22/2023,March,Punjab,North,Hatchback,6
246,ORD0209032223PNNHBK,3/22/2023,March,Punjab,North,Hatchback,5
247,ORD0096032323PNNSUV,3/23/2023,March,Punjab,North,SUV,3
248,ORD0210032323PNNSUV,3/23/2023,March,Punjab,North,SUV,2
249,ORD0211032323PNNSUV,3/23/2023,March,Punjab,North,SUV,3
250,ORD0097032323PNNSDN,3/23/2023,March,Punjab,North,Sedan,4
251,ORD0111031823PNNSDN,3/18/2023,March,Punjab,North,Sedan,3
252,ORD0098032523UPNHBK,3/25/2023,March,Uttar Pradesh,North,Hatchback,3
253,ORD0112031223UPNHBK,3/12/2023,March,Uttar Pradesh,North,Hatchback,4
254,ORD0113030623UPNHBK,3/6/2023,March,Uttar Pradesh,North,Hatchback,5
255,ORD0114032123UPNHBK,3/21/2023,March,Uttar Pradesh,North,Hatchback,4
256,ORD0099032623UPNSUV,3/26/2023,March,Uttar Pradesh,North,SUV,3
257,ORD0115032323UPNSUV,3/23/2023,March,Uttar Pradesh,North,SUV,2
258,ORD0100032723UPNSDN,3/27/2023,March,Uttar Pradesh,North,Sedan,4
259,ORD0116032723UPNSDN,3/27/2023,March,Uttar Pradesh,North,Sedan,3
260,ORD0101032823WBEHBK,3/28/2023,March,West Bengal,East,Hatchback,4
261,ORD0117033023WBEHBK,3/30/2023,March,West Bengal,East,Hatchback,3
262,ORD0118031923WBEHBK,3/19/2023,March,West Bengal,East,Hatchback,2
263,ORD0119030823WBEHBK,3/8/2023,March,West Bengal,East,Hatchback,1
264,ORD0102032923WBESUV,3/29/2023,March,West Bengal,East,SUV,4
265,ORD0120031723WBESUV,3/17/2023,March,West Bengal,East,SUV,3
266,ORD0103033023WBESDN,3/30/2023,March,West Bengal,East,Sedan,2
267,ORD0121031323WBESDN,3/13/2023,March,West Bengal,East,Sedan,3
268,ORD0104040123TNSHBK,4/1/2023,April,Tamil Nadu,South,Hatchback,3
269,ORD0200041123TNSHBK,4/11/2023,April,Tamil Nadu,South,Hatchback,4
270,ORD0201042323TNSHBK,4/23/2023,April,Tamil Nadu,South,Hatchback,4
271,ORD0202041223TNSHBK,4/12/2023,April,Tamil Nadu,South,Hatchback,3
272,ORD0105040223TNSSUV,4/2/2023,April,Tamil Nadu,South,SUV,4
273,ORD0203042123TNSSUV,4/21/2023,April,Tamil Nadu,South,SUV,3
274,ORD0204041523TNSSUV,4/15/2023,April,Tamil Nadu,South,SUV,2
275,ORD0106040323TNSSDN,4/3/2023,April,Tamil Nadu,South,Sedan,3
276,ORD0205041523TNSSDN,4/15/2023,April,Tamil Nadu,South,Sedan,2
277,ORD0107040423KASHBK,4/4/2023,April,Karnataka,South,Hatchback,2
278,ORD0206041123KASHBK,4/11/2023,April,Karnataka,South,Hatchback,3
279,ORD0207042223KASHBK,4/22/2023,April,Karnataka,South,Hatchback,4
280,ORD0208040923KASHBK,4/9/2023,April,Karnataka,South,Hatchback,2
281,ORD0108040523KASSUV,4/5/2023,April,Karnataka,South,SUV,5
282,ORD0209041123KASSUV,4/11/2023,April,Karnataka,South,SUV,3
283,ORD0109040623KASSDN,4/6/2023,April,Karnataka,South,Sedan,4
284,ORD0210042223KASSDN,4/22/2023,April,Karnataka,South,Sedan,1
285,ORD0110040723APSHBK,4/7/2023,April,Andhra Pradesh,South,Hatchback,4
286,ORD0211041923APSHBK,4/19/2023,April,Andhra Pradesh,South,Hatchback,3
287,ORD0212042223APSHBK,4/22/2023,April,Andhra Pradesh,South,Hatchback,2
288,ORD0213041123APSHBK,4/11/2023,April,Andhra Pradesh,South,Hatchback,1
289,ORD0111040823APSSUV,4/8/2023,April,Andhra Pradesh,South,SUV,4
290,ORD0214042323APSSUV,4/23/2023,April,Andhra Pradesh,South,SUV,4
291,ORD0112040923APSSDN,4/9/2023,April,Andhra Pradesh,South,Sedan,2
292,ORD0215042123APSSDN,4/21/2023,April,Andhra Pradesh,South,Sedan,3
293,ORD0113041023MHSHBK,4/10/2023,April,Maharashtra,South,Hatchback,3
294,ORD0216041523MHSHBK,4/15/2023,April,Maharashtra,South,Hatchback,4
295,ORD0217041323MHSHBK,4/13/2023,April,Maharashtra,South,Hatchback,2
296,ORD0218042723MHSHBK,4/27/2023,April,Maharashtra,South,Hatchback,3
297,ORD0219042223MHSHBK,4/22/2023,April,Maharashtra,South,Hatchback,1
298,ORD0220041323MHSHBK,4/13/2023,April,Maharashtra,South,Hatchback,2
299,ORD0114041123MHSSUV,4/11/2023,April,Maharashtra,South,SUV,4
300,ORD0221042523MHSSUV,4/25/2023,April,Maharashtra,South,SUV,3
301,ORD0222041223MHSSUV,4/12/2023,April,Maharashtra,South,SUV,3
302,ORD0223040923MHSSUV,4/9/2023,April,Maharashtra,South,SUV,5
303,ORD0115041223MHSSDN,4/12/2023,April,Maharashtra,South,Sedan,3
304,ORD0223041423MHSSDN,4/14/2023,April,Maharashtra,South,Sedan,3
305,ORD0225042223MHSSDN,4/22/2023,April,Maharashtra,South,Sedan,1
306,ORD0116041323GJWHBK,4/13/2023,April,Gujarat,West,Hatchback,5
307,ORD0226042223GJWHBK,4/22/2023,April,Gujarat,West,Hatchback,4
308,ORD0227040623GJWHBK,4/6/2023,April,Gujarat,West,Hatchback,5
309,ORD0228040523GJWHBK,4/5/2023,April,Gujarat,West,Hatchback,3
310,ORD0229040423GJWHBK,4/4/2023,April,Gujarat,West,Hatchback,2
311,ORD0117041423GJWSUV,4/14/2023,April,Gujarat,West,SUV,1
312,ORD0230041823GJWSUV,4/18/2023,April,Gujarat,West,SUV,3
313,ORD0231042123GJWSUV,4/21/2023,April,Gujarat,West,SUV,3
314,ORD0232040923GJWSUV,4/9/2023,April,Gujarat,West,SUV,2
315,ORD0233040223GJWSUV,4/2/2023,April,Gujarat,West,SUV,3
316,ORD0118041523GJWSDN,4/15/2023,April,Gujarat,West,Sedan,4
317,ORD0234040123GJWSDN,4/1/2023,April,Gujarat,West,Sedan,4
318,ORD0119041623RJWHBK,4/16/2023,April,Rajasthan,West,Hatchback,5
319,ORD0235041823RJWHBK,4/18/2023,April,Rajasthan,West,Hatchback,4
320,ORD0236042023RJWHBK,4/20/2023,April,Rajasthan,West,Hatchback,3
321,ORD0237042123RJWHBK,4/21/2023,April,Rajasthan,West,Hatchback,3
322,ORD0238041323RJWHBK,4/13/2023,April,Rajasthan,West,Hatchback,2
323,ORD0120041723RJWSUV,4/17/2023,April,Rajasthan,West,SUV,1
324,ORD0239040223RJWSUV,4/2/2023,April,Rajasthan,West,SUV,2
325,ORD0230041123RJWSUV,4/11/2023,April,Rajasthan,West,SUV,3
326,ORD0231042123RJWSUV,4/21/2023,April,Rajasthan,West,SUV,1
327,ORD0121041823RJWSDN,4/18/2023,April,Rajasthan,West,Sedan,5
328,ORD0232041223RJWSDN,4/12/2023,April,Rajasthan,West,Sedan,4
329,ORD0233041323RJWSDN,4/13/2023,April,Rajasthan,West,Sedan,5
330,ORD0234042023RJWSDN,4/20/2023,April,Rajasthan,West,Sedan,3
331,ORD0235041923RJWSDN,4/19/2023,April,Rajasthan,West,Sedan,2
332,ORD0122041923HANHBK,4/19/2023,April,Haryana,North,Hatchback,4
333,ORD0236040723HANHBK,4/7/2023,April,Haryana,North,Hatchback,5
334,ORD0123042023HANSUV,4/20/2023,April,Haryana,North,SUV,2
335,ORD0237041423HANSUV,4/14/2023,April,Haryana,North,SUV,3
336,ORD0238041123HANSUV,4/11/2023,April,Haryana,North,SUV,4
337,ORD0239041223HANSUV,4/12/2023,April,Haryana,North,SUV,4
338,ORD0250042123HANSUV,4/21/2023,April,Haryana,North,SUV,3
339,ORD0123042123HANSDN,4/21/2023,April,Haryana,North,Sedan,4
340,ORD0251041623HANSDN,4/16/2023,April,Haryana,North,Sedan,3
341,ORD0125042223PNNHBK,4/22/2023,April,Punjab,North,Hatchback,4
342,ORD0252042223PNNHBK,4/22/2023,April,Punjab,North,Hatchback,6
343,ORD0253042223PNNHBK,4/22/2023,April,Punjab,North,Hatchback,5
344,ORD0254042223PNNHBK,4/22/2023,April,Punjab,North,Hatchback,4
345,ORD0255042223PNNHBK,4/22/2023,April,Punjab,North,Hatchback,6
346,ORD0126042323PNNSUV,4/23/2023,April,Punjab,North,SUV,3
347,ORD0256040623PNNSUV,4/6/2023,April,Punjab,North,SUV,4
348,ORD0257042123PNNSUV,4/21/2023,April,Punjab,North,SUV,3
349,ORD0127042323PNNSDN,4/23/2023,April,Punjab,North,Sedan,4
350,ORD0258042323PNNSDN,4/23/2023,April,Punjab,North,Sedan,4
351,ORD0128042523UPNHBK,4/25/2023,April,Uttar Pradesh,North,Hatchback,3
352,ORD0259041423UPNHBK,4/14/2023,April,Uttar Pradesh,North,Hatchback,4
353,ORD0260040723UPNHBK,4/7/2023,April,Uttar Pradesh,North,Hatchback,5
354,ORD0261042323UPNHBK,4/23/2023,April,Uttar Pradesh,North,Hatchback,4
355,ORD0129042623UPNSUV,4/26/2023,April,Uttar Pradesh,North,SUV,2
356,ORD0261040223UPNSUV,4/2/2023,April,Uttar Pradesh,North,SUV,3
357,ORD0262040423UPNSUV,4/4/2023,April,Uttar Pradesh,North,SUV,3
358,ORD0130042723UPNSDN,4/27/2023,April,Uttar Pradesh,North,Sedan,3
359,ORD0263040223UPNSDN,4/2/2023,April,Uttar Pradesh,North,Sedan,4
360,ORD0131042823WBEHBK,4/28/2023,April,West Bengal,East,Hatchback,3
361,ORD0264041923WBEHBK,4/19/2023,April,West Bengal,East,Hatchback,1
362,ORD0265041123WBEHBK,4/11/2023,April,West Bengal,East,Hatchback,2
363,ORD0266040323WBEHBK,4/3/2023,April,West Bengal,East,Hatchback,3
364,ORD0267042323WBEHBK,4/23/2023,April,West Bengal,East,Hatchback,1
365,ORD0132042923WBESUV,4/29/2023,April,West Bengal,East,SUV,2
366,ORD0268040423WBESUV,4/4/2023,April,West Bengal,East,SUV,2
367,ORD0269042123WBESUV,4/21/2023,April,West Bengal,East,SUV,1
368,ORD0270043023WBESUV,4/30/2023,April,West Bengal,East,SUV,3
369,ORD0133043023WBESDN,4/30/2023,April,West Bengal,East,Sedan,3
370,ORD0271042523WBESDN,4/25/2023,April,West Bengal,East,Sedan,2
371,ORD0134050123TNSHBK,5/1/2023,May,Tamil Nadu,South,Hatchback,2
372,ORD0272052123TNSHBK,5/21/2023,May,Tamil Nadu,South,Hatchback,3
373,ORD0273052323TNSHBK,5/23/2023,May,Tamil Nadu,South,Hatchback,1
374,ORD0274050823TNSHBK,5/8/2023,May,Tamil Nadu,South,Hatchback,2
375,ORD0275051123TNSHBK,5/11/2023,May,Tamil Nadu,South,Hatchback,3
376,ORD0276050823TNSHBK,5/8/2023,May,Tamil Nadu,South,Hatchback,3
377,ORD0135050223TNSSUV,5/2/2023,May,Tamil Nadu,South,SUV,4
378,ORD0278050923TNSSUV,5/9/2023,May,Tamil Nadu,South,SUV,4
379,ORD0136050323TNSSDN,5/3/2023,May,Tamil Nadu,South,Sedan,4
380,ORD0279050623TNSSDN,5/6/2023,May,Tamil Nadu,South,Sedan,3
381,ORD0137050423KASHBK,5/4/2023,May,Karnataka,South,Hatchback,2
382,ORD0280051523KASHBK,5/15/2023,May,Karnataka,South,Hatchback,3
383,ORD0281052123KASHBK,5/21/2023,May,Karnataka,South,Hatchback,4
384,ORD0282052323KASHBK,5/23/2023,May,Karnataka,South,Hatchback,1
385,ORD0283050223KASHBK,5/2/2023,May,Karnataka,South,Hatchback,1
386,ORD0284050623KASHBK,5/6/2023,May,Karnataka,South,Hatchback,3
387,ORD0138050523KASSUV,5/5/2023,May,Karnataka,South,SUV,4
388,ORD0285050823KASSUV,5/8/2023,May,Karnataka,South,SUV,3
389,ORD0286050923KASSUV,5/9/2023,May,Karnataka,South,SUV,2
390,ORD0139050623KASSDN,5/6/2023,May,Karnataka,South,Sedan,4
391,ORD0288051823KASSDN,5/18/2023,May,Karnataka,South,Sedan,2
392,ORD0140050723APSHBK,5/7/2023,May,Andhra Pradesh,South,Hatchback,1
393,ORD0289052323APSHBK,5/23/2023,May,Andhra Pradesh,South,Hatchback,3
394,ORD0290051123APSHBK,5/11/2023,May,Andhra Pradesh,South,Hatchback,2
395,ORD0291050823APSHBK,5/8/2023,May,Andhra Pradesh,South,Hatchback,1
396,ORD0292050923APSHBK,5/9/2023,May,Andhra Pradesh,South,Hatchback,4
397,ORD0141050823APSSUV,5/8/2023,May,Andhra Pradesh,South,SUV,5
398,ORD0293050823APSSUV,5/8/2023,May,Andhra Pradesh,South,SUV,4
399,ORD0142050923APSSDN,5/9/2023,May,Andhra Pradesh,South,Sedan,3
400,ORD0294050923APSSDN,5/9/2023,May,Andhra Pradesh,South,Sedan,2
401,ORD0143051023MHSHBK,5/10/2023,May,Maharashtra,South,Hatchback,2
402,ORD0295051023MHSHBK,5/10/2023,May,Maharashtra,South,Hatchback,3
403,ORD0296051023MHSHBK,5/10/2023,May,Maharashtra,South,Hatchback,2
404,ORD0297051023MHSHBK,5/10/2023,May,Maharashtra,South,Hatchback,4
405,ORD0298051023MHSHBK,5/10/2023,May,Maharashtra,South,Hatchback,2
406,ORD0299051023MHSHBK,5/10/2023,May,Maharashtra,South,Hatchback,4
407,ORD0144051123MHSSUV,5/11/2023,May,Maharashtra,South,SUV,3
408,ORD0300051323MHSSUV,5/13/2023,May,Maharashtra,South,SUV,4
409,ORD0301052323MHSSUV,5/23/2023,May,Maharashtra,South,SUV,2
410,ORD0145051223MHSSDN,5/12/2023,May,Maharashtra,South,Sedan,2
411,ORD0302051223MHSSDN,5/12/2023,May,Maharashtra,South,Sedan,3
412,ORD0146051323GJWHBK,5/13/2023,May,Gujarat,West,Hatchback,4
413,ORD0303051823GJWHBK,5/18/2023,May,Gujarat,West,Hatchback,3
414,ORD0147051423GJWSUV,5/14/2023,May,Gujarat,West,SUV,3
415,ORD0304051623GJWSUV,5/16/2023,May,Gujarat,West,SUV,1
416,ORD0148051523GJWSDN,5/15/2023,May,Gujarat,West,Sedan,5
417,ORD0305051723GJWSDN,5/17/2023,May,Gujarat,West,Sedan,4
418,ORD0149051623RJWHBK,5/16/2023,May,Rajasthan,West,Hatchback,3
419,ORD0306051623RJWHBK,5/16/2023,May,Rajasthan,West,Hatchback,4
420,ORD0307051623RJWHBK,5/16/2023,May,Rajasthan,West,Hatchback,3
421,ORD0308051623RJWHBK,5/16/2023,May,Rajasthan,West,Hatchback,2
422,ORD0150051723RJWSUV,5/17/2023,May,Rajasthan,West,SUV,1
423,ORD0309051723RJWSUV,5/17/2023,May,Rajasthan,West,SUV,2
424,ORD0310051723RJWSUV,5/17/2023,May,Rajasthan,West,SUV,3
425,ORD0311051723RJWSUV,5/17/2023,May,Rajasthan,West,SUV,1
426,ORD0151051823RJWSDN,5/18/2023,May,Rajasthan,West,Sedan,5
427,ORD0312051823RJWSDN,5/18/2023,May,Rajasthan,West,Sedan,4
428,ORD0152051923HANHBK,5/19/2023,May,Haryana,North,Hatchback,6
429,ORD0315052623HANHBK,5/26/2023,May,Haryana,North,Hatchback,5
430,ORD0153052023HANSUV,5/20/2023,May,Haryana,North,SUV,3
431,ORD0316052023HANSUV,5/20/2023,May,Haryana,North,SUV,2
432,ORD0154052123HANSDN,5/21/2023,May,Haryana,North,Sedan,5
433,ORD0317052123HANSDN,5/21/2023,May,Haryana,North,Sedan,3
434,ORD0155052223PNNHBK,5/22/2023,May,Punjab,North,Hatchback,5
435,ORD0318051223PNNHBK,5/12/2023,May,Punjab,North,Hatchback,4
436,ORD0156052323PNNSUV,5/23/2023,May,Punjab,North,SUV,2
437,ORD0319052323PNNSUV,5/23/2023,May,Punjab,North,SUV,3
438,ORD0320052323PNNSUV,5/23/2023,May,Punjab,North,SUV,2
439,ORD0321052323PNNSUV,5/23/2023,May,Punjab,North,SUV,1
440,ORD0322052323PNNSUV,5/23/2023,May,Punjab,North,SUV,2
441,ORD0157052323PNNSDN,5/23/2023,May,Punjab,North,Sedan,4
442,ORD0323051423PNNSDN,5/14/2023,May,Punjab,North,Sedan,4
443,ORD0158052523UPNHBK,5/25/2023,May,Uttar Pradesh,North,Hatchback,5
444,ORD0323051223UPNHBK,5/12/2023,May,Uttar Pradesh,North,Hatchback,5
445,ORD0159052623UPNSUV,5/26/2023,May,Uttar Pradesh,North,SUV,1
446,ORD0325050623UPNSUV,5/6/2023,May,Uttar Pradesh,North,SUV,3
447,ORD0326050723UPNSUV,5/7/2023,May,Uttar Pradesh,North,SUV,1
448,ORD0327051823UPNSUV,5/18/2023,May,Uttar Pradesh,North,SUV,2
449,ORD0328052023UPNSUV,5/20/2023,May,Uttar Pradesh,North,SUV,2
450,ORD0160052723UPNSDN,5/27/2023,May,Uttar Pradesh,North,Sedan,4
451,ORD0329050423UPNSDN,5/4/2023,May,Uttar Pradesh,North,Sedan,3
452,ORD0161052823WBEHBK,5/28/2023,May,West Bengal,East,Hatchback,2
453,ORD0330052823WBEHBK,5/28/2023,May,West Bengal,East,Hatchback,3
454,ORD0331052823WBEHBK,5/28/2023,May,West Bengal,East,Hatchback,1
455,ORD0332052823WBEHBK,5/28/2023,May,West Bengal,East,Hatchback,3
456,ORD0333052823WBEHBK,5/28/2023,May,West Bengal,East,Hatchback,2
457,ORD0162052923WBESUV,5/29/2023,May,West Bengal,East,SUV,2
458,ORD0334050423WBESUV,5/4/2023,May,West Bengal,East,SUV,1
459,ORD0335052523WBESUV,5/25/2023,May,West Bengal,East,SUV,3
460,ORD0336051223WBESUV,5/12/2023,May,West Bengal,East,SUV,2
461,ORD0163053023WBESDN,5/30/2023,May,West Bengal,East,Sedan,2
462,ORD0337051523WBESDN,5/15/2023,May,West Bengal,East,Sedan,4
463,ORD0164060123TNSHBK,6/1/2023,June,Tamil Nadu,South,Hatchback,2
464,ORD0338060423TNSHBK,6/4/2023,June,Tamil Nadu,South,Hatchback,3
465,ORD0339061123TNSHBK,6/11/2023,June,Tamil Nadu,South,Hatchback,1
466,ORD0340061323TNSHBK,6/13/2023,June,Tamil Nadu,South,Hatchback,2
467,ORD0341062623TNSHBK,6/26/2023,June,Tamil Nadu,South,Hatchback,3
468,ORD0342062823TNSHBK,6/28/2023,June,Tamil Nadu,South,Hatchback,4
469,ORD0165060223TNSSUV,6/2/2023,June,Tamil Nadu,South,SUV,4
470,ORD0343061723TNSSUV,6/17/2023,June,Tamil Nadu,South,SUV,5
471,ORD0166060323TNSSDN,6/3/2023,June,Tamil Nadu,South,Sedan,3
472,ORD0345060323TNSSDN,6/3/2023,June,Tamil Nadu,South,Sedan,3
473,ORD0167060423KASHBK,6/4/2023,June,Karnataka,South,Hatchback,2
474,ORD0346060423KASHBK,6/4/2023,June,Karnataka,South,Hatchback,4
475,ORD0347060423KASHBK,6/4/2023,June,Karnataka,South,Hatchback,3
476,ORD0348060423KASHBK,6/4/2023,June,Karnataka,South,Hatchback,1
477,ORD0349060423KASHBK,6/4/2023,June,Karnataka,South,Hatchback,4
478,ORD0168060523KASSUV,6/5/2023,June,Karnataka,South,SUV,5
479,ORD0350060423KASSUV,6/4/2023,June,Karnataka,South,SUV,4
480,ORD0169060623KASSDN,6/6/2023,June,Karnataka,South,Sedan,4
481,ORD0351061623KASSDN,6/16/2023,June,Karnataka,South,Sedan,2
482,ORD0170060723APSHBK,6/7/2023,June,Andhra Pradesh,South,Hatchback,4
483,ORD0352061223APSHBK,6/12/2023,June,Andhra Pradesh,South,Hatchback,3
484,ORD0353061123APSHBK,6/11/2023,June,Andhra Pradesh,South,Hatchback,1
485,ORD0354060623APSHBK,6/6/2023,June,Andhra Pradesh,South,Hatchback,4
486,ORD0171060823APSSUV,6/8/2023,June,Andhra Pradesh,South,SUV,5
487,ORD0355061923APSSUV,6/19/2023,June,Andhra Pradesh,South,SUV,3
488,ORD0172060923APSSDN,6/9/2023,June,Andhra Pradesh,South,Sedan,3
489,ORD0356061523APSSDN,6/15/2023,June,Andhra Pradesh,South,Sedan,2
490,ORD0357061123MHSHBK,6/11/2023,June,Maharashtra,South,Hatchback,4
491,ORD0173061023MHSHBK,6/10/2023,June,Maharashtra,South,Hatchback,2
492,ORD0174061123MHSSUV,6/11/2023,June,Maharashtra,South,SUV,3
493,ORD0358061023MHSSUV,6/10/2023,June,Maharashtra,South,SUV,2
494,ORD0359062223MHSSUV,6/22/2023,June,Maharashtra,South,SUV,4
495,ORD0360061323MHSSUV,6/13/2023,June,Maharashtra,South,SUV,5
496,ORD0175061223MHSSDN,6/12/2023,June,Maharashtra,South,Sedan,3
497,ORD0361061223MHSSDN,6/12/2023,June,Maharashtra,South,Sedan,4
498,ORD0176061323GJWHBK,6/13/2023,June,Gujarat,West,Hatchback,5
499,ORD0362061323GJWHBK,6/13/2023,June,Gujarat,West,Hatchback,5
500,ORD0177061423GJWSUV,6/14/2023,June,Gujarat,West,SUV,1
501,ORD0363060323GJWSUV,6/3/2023,June,Gujarat,West,SUV,2
502,ORD0364062223GJWSUV,6/22/2023,June,Gujarat,West,SUV,3
503,ORD0365062323GJWSUV,6/23/2023,June,Gujarat,West,SUV,1
504,ORD0366061123GJWSUV,6/11/2023,June,Gujarat,West,SUV,1
505,ORD0178061523GJWSDN,6/15/2023,June,Gujarat,West,Sedan,5
506,ORD0367062723GJWSDN,6/27/2023,June,Gujarat,West,Sedan,4
507,ORD0179061623RJWHBK,6/16/2023,June,Rajasthan,West,Hatchback,3
508,ORD0368062623RJWHBK,6/26/2023,June,Rajasthan,West,Hatchback,4
509,ORD0180061723RJWSUV,6/17/2023,June,Rajasthan,West,SUV,1
510,ORD0369061423RJWSUV,6/14/2023,June,Rajasthan,West,SUV,2
511,ORD0370062723RJWSUV,6/27/2023,June,Rajasthan,West,SUV,1
512,ORD0371060723RJWSUV,6/7/2023,June,Rajasthan,West,SUV,2
513,ORD0181061823RJWSDN,6/18/2023,June,Rajasthan,West,Sedan,3
514,ORD0372062823RJWSDN,6/28/2023,June,Rajasthan,West,Sedan,5
515,ORD0182061923HANHBK,6/19/2023,June,Haryana,North,Hatchback,6
516,ORD0373060123HANHBK,6/1/2023,June,Haryana,North,Hatchback,5
517,ORD0183062023HANSUV,6/20/2023,June,Haryana,North,SUV,2
518,ORD0374062223HANSUV,6/22/2023,June,Haryana,North,SUV,3
519,ORD0375061423HANSUV,6/14/2023,June,Haryana,North,SUV,4
520,ORD0376060523HANSUV,6/5/2023,June,Haryana,North,SUV,1
521,ORD0377061223HANSUV,6/12/2023,June,Haryana,North,SUV,3
522,ORD0184062123HANSDN,6/21/2023,June,Haryana,North,Sedan,5
523,ORD0378060223HANSDN,6/2/2023,June,Haryana,North,Sedan,4
524,ORD0185062223PNNHBK,6/22/2023,June,Punjab,North,Hatchback,5
525,ORD0379060223PNNHBK,6/2/2023,June,Punjab,North,Hatchback,5
526,ORD0186062323PNNSUV,6/23/2023,June,Punjab,North,SUV,2
527,ORD0380060423PNNSUV,6/4/2023,June,Punjab,North,SUV,3
528,ORD0381060523PNNSUV,6/5/2023,June,Punjab,North,SUV,4
529,ORD0382061823PNNSUV,6/18/2023,June,Punjab,North,SUV,2
530,ORD0187062323PNNSDN,6/23/2023,June,Punjab,North,Sedan,4
531,ORD0383061423PNNSDN,6/14/2023,June,Punjab,North,Sedan,5
532,ORD0188062523UPNHBK,6/25/2023,June,Uttar Pradesh,North,Hatchback,6
533,ORD0384062523UPNHBK,6/25/2023,June,Uttar Pradesh,North,Hatchback,5
534,ORD0189062623UPNSUV,6/26/2023,June,Uttar Pradesh,North,SUV,2
535,ORD0385061723UPNSUV,6/17/2023,June,Uttar Pradesh,North,SUV,3
536,ORD0386061423UPNSUV,6/14/2023,June,Uttar Pradesh,North,SUV,1
537,ORD0387062023UPNSUV,6/20/2023,June,Uttar Pradesh,North,SUV,2
538,ORD0388062323UPNSUV,6/23/2023,June,Uttar Pradesh,North,SUV,1
539,ORD0190062723UPNSDN,6/27/2023,June,Uttar Pradesh,North,Sedan,3
540,ORD0389061223UPNSDN,6/12/2023,June,Uttar Pradesh,North,Sedan,5
541,ORD0191062823WBEHBK,6/28/2023,June,West Bengal,East,Hatchback,3
542,ORD0390060523WBEHBK,6/5/2023,June,West Bengal,East,Hatchback,3
543,ORD0192062923WBESUV,6/29/2023,June,West Bengal,East,SUV,2
544,ORD0391061223WBESUV,6/12/2023,June,West Bengal,East,SUV,4
545,ORD0392062223WBESUV,6/22/2023,June,West Bengal,East,SUV,2
546,ORD0393063023WBESUV,6/30/2023,June,West Bengal,East,SUV,3
547,ORD0193063023WBESDN,6/30/2023,June,West Bengal,East,Sedan,4
548,ORD0395061123WBESDN,6/11/2023,June,West Bengal,East,Sedan,3
549,ORD0194070123TNSHBK,7/1/2023,July,Tamil Nadu,South,Hatchback,3
550,ORD0397071223TNSHBK,7/12/2023,July,Tamil Nadu,South,Hatchback,4
551,ORD0398072223TNSHBK,7/22/2023,July,Tamil Nadu,South,Hatchback,1
552,ORD0399071323TNSHBK,7/13/2023,July,Tamil Nadu,South,Hatchback,4
553,ORD0400072323TNSHBK,7/23/2023,July,Tamil Nadu,South,Hatchback,2
554,ORD0195070223TNSSUV,7/2/2023,July,Tamil Nadu,South,SUV,3
555,ORD0401071323TNSSUV,7/13/2023,July,Tamil Nadu,South,SUV,4
556,ORD0402071223TNSSUV,7/12/2023,July,Tamil Nadu,South,SUV,3
557,ORD0196070323TNSSDN,7/3/2023,July,Tamil Nadu,South,Sedan,3
558,ORD0403070423TNSSDN,7/4/2023,July,Tamil Nadu,South,Sedan,4
559,ORD0197070423KASHBK,7/4/2023,July,Karnataka,South,Hatchback,3
560,ORD0406070823KASHBK,7/8/2023,July,Karnataka,South,Hatchback,2
561,ORD0407071223KASHBK,7/12/2023,July,Karnataka,South,Hatchback,2
562,ORD0404072323KASHBK,7/23/2023,July,Karnataka,South,Hatchback,4
563,ORD0405071423KASHBK,7/14/2023,July,Karnataka,South,Hatchback,3
564,ORD0198070523KASSUV,7/5/2023,July,Karnataka,South,SUV,4
565,ORD0406072523KASSUV,7/25/2023,July,Karnataka,South,SUV,4
566,ORD0407071523KASSUV,7/15/2023,July,Karnataka,South,SUV,3
567,ORD0199070623KASSDN,7/6/2023,July,Karnataka,South,Sedan,2
568,ORD0408072623KASSUV,7/26/2023,July,Karnataka,South,SUV,4
569,ORD0409071623KASSDN,7/16/2023,July,Karnataka,South,Sedan,2
570,ORD0210070723APSHBK,7/7/2023,July,Andhra Pradesh,South,Hatchback,2
571,ORD0410070223APSHBK,7/2/2023,July,Andhra Pradesh,South,Hatchback,3
572,ORD0411070123APSHBK,7/1/2023,July,Andhra Pradesh,South,Hatchback,2
573,ORD0412072723APSHBK,7/27/2023,July,Andhra Pradesh,South,Hatchback,1
574,ORD0413071723APSHBK,7/17/2023,July,Andhra Pradesh,South,Hatchback,3
575,ORD0200070723APSHBK,7/7/2023,July,Andhra Pradesh,South,Hatchback,2
576,ORD0201070823APSSUV,7/8/2023,July,Andhra Pradesh,South,SUV,4
577,ORD0414071823APSSUV,7/18/2023,July,Andhra Pradesh,South,SUV,3
578,ORD0415072823APSSUV,7/28/2023,July,Andhra Pradesh,South,SUV,4
579,ORD0416070923APSSDN,7/9/2023,July,Andhra Pradesh,South,Sedan,4
580,ORD0202070923APSSDN,7/9/2023,July,Andhra Pradesh,South,Sedan,4
581,ORD0203071023MHSHBK,7/10/2023,July,Maharashtra,South,Hatchback,2
582,ORD0417071023MHSHBK,7/10/2023,July,Maharashtra,South,Hatchback,3
583,ORD0418071023MHSHBK,7/10/2023,July,Maharashtra,South,Hatchback,2
584,ORD0419071023MHSHBK,7/10/2023,July,Maharashtra,South,Hatchback,3
585,ORD0420071023MHSHBK,7/10/2023,July,Maharashtra,South,Hatchback,1
586,ORD0204071123MHSSUV,7/11/2023,July,Maharashtra,South,SUV,4
587,ORD0421071723MHSSUV,7/17/2023,July,Maharashtra,South,SUV,3
588,ORD0422071223MHSSUV,7/12/2023,July,Maharashtra,South,SUV,4
589,ORD0205071223MHSSDN,7/12/2023,July,Maharashtra,South,Sedan,3
590,ORD0423070223MHSSDN,7/2/2023,July,Maharashtra,South,Sedan,2
591,ORD0423072223MHSSDN,7/22/2023,July,Maharashtra,South,Sedan,2
592,ORD0206071323GJWHBK,7/13/2023,July,Gujarat,West,Hatchback,5
593,ORD0425070923GJWHBK,7/9/2023,July,Gujarat,West,Hatchback,4
594,ORD0426071723GJWHBK,7/17/2023,July,Gujarat,West,Hatchback,2
595,ORD0427070323GJWHBK,7/3/2023,July,Gujarat,West,Hatchback,4
596,ORD0428072323GJWHBK,7/23/2023,July,Gujarat,West,Hatchback,4
597,ORD0207071423GJWSUV,7/14/2023,July,Gujarat,West,SUV,1
598,ORD0429070723GJWSUV,7/7/2023,July,Gujarat,West,SUV,2
599,ORD0430072323GJWSUV,7/23/2023,July,Gujarat,West,SUV,1
600,ORD0431070423GJWSUV,7/4/2023,July,Gujarat,West,SUV,2
601,ORD0432071523GJWSUV,7/15/2023,July,Gujarat,West,SUV,1
602,ORD0208071523GJWSDN,7/15/2023,July,Gujarat,West,Sedan,4
603,ORD0433070523GJWSDN,7/5/2023,July,Gujarat,West,Sedan,3
604,ORD0434072523GJWSDN,7/25/2023,July,Gujarat,West,Sedan,4
605,ORD0209071623RJWHBK,7/16/2023,July,Rajasthan,West,Hatchback,4
606,ORD0435071423RJWHBK,7/14/2023,July,Rajasthan,West,Hatchback,3
607,ORD0436070823RJWHBK,7/8/2023,July,Rajasthan,West,Hatchback,4
608,ORD0437070623RJWHBK,7/6/2023,July,Rajasthan,West,Hatchback,2
609,ORD0438072623RJWHBK,7/26/2023,July,Rajasthan,West,Hatchback,4
610,ORD0210071723RJWSUV,7/17/2023,July,Rajasthan,West,SUV,1
611,ORD0439072723RJWSUV,7/27/2023,July,Rajasthan,West,SUV,2
612,ORD0440070723RJWSUV,7/7/2023,July,Rajasthan,West,SUV,2
613,ORD0211071823RJWSDN,7/18/2023,July,Rajasthan,West,Sedan,5
614,ORD0441072823RJWSDN,7/28/2023,July,Rajasthan,West,Sedan,4
615,ORD0212071923HANHBK,7/19/2023,July,Haryana,North,Hatchback,4
616,ORD0442072923HANHBK,7/29/2023,July,Haryana,North,Hatchback,4
617,ORD0443070823HANHBK,7/8/2023,July,Haryana,North,Hatchback,2
618,ORD0444072923HANHBK,7/29/2023,July,Haryana,North,Hatchback,4
619,ORD0445070923HANHBK,7/9/2023,July,Haryana,North,Hatchback,4
620,ORD0213072023HANSUV,7/20/2023,July,Haryana,North,SUV,3
621,ORD0446072723HANSUV,7/27/2023,July,Haryana,North,SUV,2
622,ORD0447072123HANSUV,7/21/2023,July,Haryana,North,SUV,3
623,ORD0214072123HANSDN,7/21/2023,July,Haryana,North,Sedan,5
624,ORD0448070623HANSDN,7/6/2023,July,Haryana,North,Sedan,4
625,ORD0215072223PNNHBK,7/22/2023,July,Punjab,North,Hatchback,4
626,ORD0449070223PNNHBK,7/2/2023,July,Punjab,North,Hatchback,5
627,ORD0450071223PNNHBK,7/12/2023,July,Punjab,North,Hatchback,3
628,ORD0451070823PNNHBK,7/8/2023,July,Punjab,North,Hatchback,3
629,ORD0452070623PNNHBK,7/6/2023,July,Punjab,North,Hatchback,5
630,ORD0216072323PNNSUV,7/23/2023,July,Punjab,North,SUV,3
631,ORD0453070323PNNSUV,7/3/2023,July,Punjab,North,SUV,3
632,ORD0217072323PNNSDN,7/23/2023,July,Punjab,North,Sedan,4
633,ORD0454070423PNNSDN,7/4/2023,July,Punjab,North,Sedan,3
634,ORD0218072523UPNHBK,7/25/2023,July,Uttar Pradesh,North,Hatchback,5
635,ORD0455070623UPNHBK,7/6/2023,July,Uttar Pradesh,North,Hatchback,3
636,ORD0456071523UPNHBK,7/15/2023,July,Uttar Pradesh,North,Hatchback,4
637,ORD0457070523UPNHBK,7/5/2023,July,Uttar Pradesh,North,Hatchback,3
638,ORD0219072623UPNSUV,7/26/2023,July,Uttar Pradesh,North,SUV,3
639,ORD0458071623UPNSUV,7/16/2023,July,Uttar Pradesh,North,SUV,3
640,ORD0220072723UPNSDN,7/27/2023,July,Uttar Pradesh,North,Sedan,4
641,ORD0459071723UPNSDN,7/17/2023,July,Uttar Pradesh,North,Sedan,4
642,ORD0221072823WBEHBK,7/28/2023,July,West Bengal,East,Hatchback,3
643,ORD0460071823WBEHBK,7/18/2023,July,West Bengal,East,Hatchback,2
644,ORD0461070723WBEHBK,7/7/2023,July,West Bengal,East,Hatchback,1
645,ORD0462070823WBEHBK,7/8/2023,July,West Bengal,East,Hatchback,3
646,ORD0463070223WBEHBK,7/2/2023,July,West Bengal,East,Hatchback,3
647,ORD0222072923WBESUV,7/29/2023,July,West Bengal,East,SUV,3
648,ORD0467072923WBESUV,7/29/2023,July,West Bengal,East,SUV,3
649,ORD0468072923WBESUV,7/29/2023,July,West Bengal,East,SUV,3
650,ORD0223073023WBESDN,7/30/2023,July,West Bengal,East,Sedan,3
651,ORD0469072023WBESDN,7/20/2023,July,West Bengal,East,Sedan,1
652,ORD0470071023WBESDN,7/10/2023,July,West Bengal,East,Sedan,3
653,ORD0223080123TNSHBK,8/1/2023,August,Tamil Nadu,South,Hatchback,3
654,ORD0471080223TNSHBK,8/2/2023,August,Tamil Nadu,South,Hatchback,2
655,ORD0472080923TNSHBK,8/9/2023,August,Tamil Nadu,South,Hatchback,1
656,ORD0473080323TNSHBK,8/3/2023,August,Tamil Nadu,South,Hatchback,3
657,ORD0474080423TNSHBK,8/4/2023,August,Tamil Nadu,South,Hatchback,1
658,ORD0475080523TNSHBK,8/5/2023,August,Tamil Nadu,South,Hatchback,3
659,ORD0225080223TNSSUV,8/2/2023,August,Tamil Nadu,South,SUV,5
660,ORD0476080223TNSSUV,8/2/2023,August,Tamil Nadu,South,SUV,4
661,ORD0478080223TNSSUV,8/2/2023,August,Tamil Nadu,South,SUV,3
662,ORD0479080223TNSSUV,8/2/2023,August,Tamil Nadu,South,SUV,4
663,ORD0480080223TNSSUV,8/2/2023,August,Tamil Nadu,South,SUV,4
664,ORD0226080323TNSSDN,8/3/2023,August,Tamil Nadu,South,Sedan,3
665,ORD0481080323TNSSDN,8/3/2023,August,Tamil Nadu,South,Sedan,2
666,ORD0482080323TNSSDN,8/3/2023,August,Tamil Nadu,South,Sedan,2
667,ORD0483080323TNSSDN,8/3/2023,August,Tamil Nadu,South,Sedan,3
668,ORD0227080423KASHBK,8/4/2023,August,Karnataka,South,Hatchback,3
669,ORD0484080623KASHBK,8/6/2023,August,Karnataka,South,Hatchback,2
670,ORD0485082323KASHBK,8/23/2023,August,Karnataka,South,Hatchback,4
671,ORD0486081423KASHBK,8/14/2023,August,Karnataka,South,Hatchback,3
672,ORD0228080523KASSUV,8/5/2023,August,Karnataka,South,SUV,5
673,ORD0487081523KASSUV,8/15/2023,August,Karnataka,South,SUV,4
674,ORD0488082523KASSUV,8/25/2023,August,Karnataka,South,SUV,5
675,ORD0229080623KASSDN,8/6/2023,August,Karnataka,South,Sedan,3
676,ORD0489081623KASSDN,8/16/2023,August,Karnataka,South,Sedan,2
677,ORD0490080723KASSDN,8/7/2023,August,Karnataka,South,Sedan,3
678,ORD0230080723APSHBK,8/7/2023,August,Andhra Pradesh,South,Hatchback,2
679,ORD0491080123APSHBK,8/1/2023,August,Andhra Pradesh,South,Hatchback,3
680,ORD0492082723APSHBK,8/27/2023,August,Andhra Pradesh,South,Hatchback,2
681,ORD0493081723APSHBK,8/17/2023,August,Andhra Pradesh,South,Hatchback,3
682,ORD0494080823APSHBK,8/8/2023,August,Andhra Pradesh,South,Hatchback,3
683,ORD0231080823APSSUV,8/8/2023,August,Andhra Pradesh,South,SUV,5
684,ORD0495082823APSSUV,8/28/2023,August,Andhra Pradesh,South,SUV,4
685,ORD0496081823APSSUV,8/18/2023,August,Andhra Pradesh,South,SUV,5
686,ORD0232080923APSSDN,8/9/2023,August,Andhra Pradesh,South,Sedan,2
687,ORD0497082923APSSDN,8/29/2023,August,Andhra Pradesh,South,Sedan,2
688,ORD0498081923APSSDN,8/19/2023,August,Andhra Pradesh,South,Sedan,3
689,ORD0233081023MHSHBK,8/10/2023,August,Maharashtra,South,Hatchback,3
690,ORD0499081523MHSHBK,8/15/2023,August,Maharashtra,South,Hatchback,2
691,ORD0500081123MHSHBK,8/11/2023,August,Maharashtra,South,Hatchback,4
692,ORD0234081123MHSSUV,8/11/2023,August,Maharashtra,South,SUV,5
693,ORD0501082123MHSSUV,8/21/2023,August,Maharashtra,South,SUV,4
694,ORD0502080123MHSSUV,8/1/2023,August,Maharashtra,South,SUV,4
695,ORD0235081223MHSSDN,8/12/2023,August,Maharashtra,South,Sedan,2
696,ORD0503082223MHSSDN,8/22/2023,August,Maharashtra,South,Sedan,3
697,ORD0504080223MHSSDN,8/2/2023,August,Maharashtra,South,Sedan,3
698,ORD0236081323GJWHBK,8/13/2023,August,Gujarat,West,Hatchback,4
699,ORD0505080223GJWHBK,8/2/2023,August,Gujarat,West,Hatchback,5
700,ORD0506081423GJWHBK,8/14/2023,August,Gujarat,West,Hatchback,4
701,ORD0507082323GJWHBK,8/23/2023,August,Gujarat,West,Hatchback,4
702,ORD0508080323GJWHBK,8/3/2023,August,Gujarat,West,Hatchback,2
703,ORD0237081423GJWSUV,8/14/2023,August,Gujarat,West,SUV,2
704,ORD0509081323GJWSUV,8/13/2023,August,Gujarat,West,SUV,1
705,ORD0510082323GJWSUV,8/23/2023,August,Gujarat,West,SUV,2
706,ORD0511080423GJWSUV,8/4/2023,August,Gujarat,West,SUV,1
707,ORD0238081523GJWSDN,8/15/2023,August,Gujarat,West,Sedan,4
708,ORD0512082523GJWSDN,8/25/2023,August,Gujarat,West,Sedan,4
709,ORD0513080523GJWSDN,8/5/2023,August,Gujarat,West,Sedan,3
710,ORD0239081623RJWHBK,8/16/2023,August,Rajasthan,West,Hatchback,5
711,ORD0514080623RJWHBK,8/6/2023,August,Rajasthan,West,Hatchback,4
712,ORD0515082623RJWHBK,8/26/2023,August,Rajasthan,West,Hatchback,3
713,ORD0516080723RJWHBK,8/7/2023,August,Rajasthan,West,Hatchback,3
714,ORD0230081723RJWSUV,8/17/2023,August,Rajasthan,West,SUV,2
715,ORD0517080823RJWSUV,8/8/2023,August,Rajasthan,West,SUV,3
716,ORD0518081323RJWSUV,8/13/2023,August,Rajasthan,West,SUV,2
717,ORD0519082723RJWSUV,8/27/2023,August,Rajasthan,West,SUV,1
718,ORD0520080723RJWSUV,8/7/2023,August,Rajasthan,West,SUV,1
719,ORD0231081823RJWSDN,8/18/2023,August,Rajasthan,West,Sedan,3
720,ORD0521081723RJWSDN,8/17/2023,August,Rajasthan,West,Sedan,4
721,ORD0522082823RJWSDN,8/28/2023,August,Rajasthan,West,Sedan,3
722,ORD0523080823RJWSDN,8/8/2023,August,Rajasthan,West,Sedan,3
723,ORD0232081923HANHBK,8/19/2023,August,Haryana,North,Hatchback,5
724,ORD0523081823HANHBK,8/18/2023,August,Haryana,North,Hatchback,4
725,ORD0525082923HANHBK,8/29/2023,August,Haryana,North,Hatchback,3
726,ORD0526080923HANHBK,8/9/2023,August,Haryana,North,Hatchback,5
727,ORD0233082023HANSUV,8/20/2023,August,Haryana,North,SUV,3
728,ORD0527082023HANSUV,8/20/2023,August,Haryana,North,SUV,2
729,ORD0523082323HANSUV,8/23/2023,August,Haryana,North,SUV,1
730,ORD0529082323HANSUV,8/23/2023,August,Haryana,North,SUV,4
731,ORD0530082223HANSUV,8/22/2023,August,Haryana,North,SUV,3
732,ORD0531081023HANSUV,8/10/2023,August,Haryana,North,SUV,2
733,ORD0234082123HANSDN,8/21/2023,August,Haryana,North,Sedan,4
734,ORD0532082323HANSDN,8/23/2023,August,Haryana,North,Sedan,3
735,ORD0533080523HANSDN,8/5/2023,August,Haryana,North,Sedan,2
736,ORD0534080623HANSDN,8/6/2023,August,Haryana,North,Sedan,3
737,ORD0235082223PNNHBK,8/22/2023,August,Punjab,North,Hatchback,3
738,ORD0535080323PNNHBK,8/3/2023,August,Punjab,North,Hatchback,4
739,ORD0536080223PNNHBK,8/2/2023,August,Punjab,North,Hatchback,3
740,ORD0537082323PNNHBK,8/23/2023,August,Punjab,North,Hatchback,2
741,ORD0538081223PNNHBK,8/12/2023,August,Punjab,North,Hatchback,5
742,ORD0539080223PNNHBK,8/2/2023,August,Punjab,North,Hatchback,2
743,ORD0236082323PNNSUV,8/23/2023,August,Punjab,North,SUV,2
744,ORD0540080223PNNSUV,8/2/2023,August,Punjab,North,SUV,3
745,ORD0541080123PNNSUV,8/1/2023,August,Punjab,North,SUV,1
746,ORD0542082023PNNSUV,8/20/2023,August,Punjab,North,SUV,4
747,ORD0543081323PNNSUV,8/13/2023,August,Punjab,North,SUV,3
748,ORD0544080323PNNSUV,8/3/2023,August,Punjab,North,SUV,1
749,ORD0237082323PNNSDN,8/23/2023,August,Punjab,North,Sedan,3
750,ORD0545080423PNNSDN,8/4/2023,August,Punjab,North,Sedan,4
751,ORD0546081423PNNSDN,8/14/2023,August,Punjab,North,Sedan,4
752,ORD0238082523UPNHBK,8/25/2023,August,Uttar Pradesh,North,Hatchback,4
753,ORD0547081823UPNHBK,8/18/2023,August,Uttar Pradesh,North,Hatchback,5
754,ORD0548081623UPNHBK,8/16/2023,August,Uttar Pradesh,North,Hatchback,3
755,ORD0549082323UPNHBK,8/23/2023,August,Uttar Pradesh,North,Hatchback,3
756,ORD0550081523UPNHBK,8/15/2023,August,Uttar Pradesh,North,Hatchback,4
757,ORD0551080523UPNHBK,8/5/2023,August,Uttar Pradesh,North,Hatchback,2
758,ORD0239082623UPNSUV,8/26/2023,August,Uttar Pradesh,North,SUV,1
759,ORD0552082323UPNSUV,8/23/2023,August,Uttar Pradesh,North,SUV,3
760,ORD0553082523UPNSUV,8/25/2023,August,Uttar Pradesh,North,SUV,2
761,ORD0554082023UPNSUV,8/20/2023,August,Uttar Pradesh,North,SUV,1
762,ORD0555081623UPNSUV,8/16/2023,August,Uttar Pradesh,North,SUV,3
763,ORD0556080623UPNSUV,8/6/2023,August,Uttar Pradesh,North,SUV,3
764,ORD0250082723UPNSDN,8/27/2023,August,Uttar Pradesh,North,Sedan,5
765,ORD0557082023UPNSDN,8/20/2023,August,Uttar Pradesh,North,Sedan,4
766,ORD0251082823WBEHBK,8/28/2023,August,West Bengal,East,Hatchback,2
767,ORD0558082323WBEHBK,8/23/2023,August,West Bengal,East,Hatchback,3
768,ORD0559081823WBEHBK,8/18/2023,August,West Bengal,East,Hatchback,1
769,ORD0560080823WBEHBK,8/8/2023,August,West Bengal,East,Hatchback,3
770,ORD0252082923WBESUV,8/29/2023,August,West Bengal,East,SUV,1
771,ORD0561080323WBESUV,8/3/2023,August,West Bengal,East,SUV,2
772,ORD0562082823WBESUV,8/28/2023,August,West Bengal,East,SUV,3
773,ORD0563081923WBESUV,8/19/2023,August,West Bengal,East,SUV,1
774,ORD0564080923WBESUV,8/9/2023,August,West Bengal,East,SUV,2
775,ORD0262082923WBESUV,8/29/2023,August,West Bengal,East,SUV,3
776,ORD0565083023WBESDN,8/30/2023,August,West Bengal,East,Sedan,2
777,ORD0566081023WBESDN,8/10/2023,August,West Bengal,East,Sedan,2
778,ORD0567082023WBESDN,8/20/2023,August,West Bengal,East,Sedan,2
779,ORD0254090123TNSHBK,9/1/2023,September,Tamil Nadu,South,Hatchback,2
780,ORD0568090223TNSHBK,9/2/2023,September,Tamil Nadu,South,Hatchback,3
781,ORD0569090323TNSHBK,9/3/2023,September,Tamil Nadu,South,Hatchback,1
782,ORD0567090523TNSHBK,9/5/2023,September,Tamil Nadu,South,Hatchback,3
783,ORD0568090923TNSHBK,9/9/2023,September,Tamil Nadu,South,Hatchback,3
784,ORD0568090723TNSHBK,9/7/2023,September,Tamil Nadu,South,Hatchback,1
785,ORD0255090223TNSSUV,9/2/2023,September,Tamil Nadu,South,SUV,4
786,ORD0569090823TNSSUV,9/8/2023,September,Tamil Nadu,South,SUV,5
787,ORD0570091223TNSSUV,9/12/2023,September,Tamil Nadu,South,SUV,3
788,ORD0571091023TNSSUV,9/10/2023,September,Tamil Nadu,South,SUV,3
789,ORD0256090323TNSSDN,9/3/2023,September,Tamil Nadu,South,Sedan,3
790,ORD0572091323TNSSDN,9/13/2023,September,Tamil Nadu,South,Sedan,2
791,ORD0257090423KASHBK,9/4/2023,September,Karnataka,South,Hatchback,4
792,ORD0573091423KASHBK,9/14/2023,September,Karnataka,South,Hatchback,3
793,ORD0258090523KASSUV,9/5/2023,September,Karnataka,South,SUV,4
794,ORD0574090423KASSUV,9/4/2023,September,Karnataka,South,SUV,5
795,ORD0575092623KASSUV,9/26/2023,September,Karnataka,South,SUV,3
796,ORD0576092523KASSUV,9/25/2023,September,Karnataka,South,SUV,5
797,ORD0577091523KASSUV,9/15/2023,September,Karnataka,South,SUV,4
798,ORD0259090723KASSDN,9/7/2023,September,Karnataka,South,Sedan,2
799,ORD0578092723KASSDN,9/27/2023,September,Karnataka,South,Sedan,2
800,ORD0579091723KASSDN,9/17/2023,September,Karnataka,South,Sedan,3
801,ORD0260090823APSHBK,9/8/2023,September,Andhra Pradesh,South,Hatchback,2
802,ORD0580091823APSHBK,9/18/2023,September,Andhra Pradesh,South,Hatchback,1
803,ORD0581092823APSHBK,9/28/2023,September,Andhra Pradesh,South,Hatchback,3
804,ORD0582090923APSHBK,9/9/2023,September,Andhra Pradesh,South,Hatchback,2
805,ORD0583090223APSHBK,9/2/2023,September,Andhra Pradesh,South,Hatchback,1
806,ORD0261090923APSSUV,9/9/2023,September,Andhra Pradesh,South,SUV,5
807,ORD0584091223APSSUV,9/12/2023,September,Andhra Pradesh,South,SUV,4
808,ORD0585090823APSSUV,9/8/2023,September,Andhra Pradesh,South,SUV,3
809,ORD0586092923APSSUV,9/29/2023,September,Andhra Pradesh,South,SUV,4
810,ORD0587091923APSSUV,9/19/2023,September,Andhra Pradesh,South,SUV,5
811,ORD0262091023APSSDN,9/10/2023,September,Andhra Pradesh,South,Sedan,2
812,ORD0588091123APSSDN,9/11/2023,September,Andhra Pradesh,South,Sedan,3
813,ORD0589092023APSSDN,9/20/2023,September,Andhra Pradesh,South,Sedan,1
814,ORD0263091123MHSHBK,9/11/2023,September,Maharashtra,South,Hatchback,3
815,ORD0590092123MHSHBK,9/21/2023,September,Maharashtra,South,Hatchback,2
816,ORD0591091023MHSHBK,9/10/2023,September,Maharashtra,South,Hatchback,3
817,ORD0264091223MHSSUV,9/12/2023,September,Maharashtra,South,SUV,4
818,ORD0591090223MHSSUV,9/2/2023,September,Maharashtra,South,SUV,5
819,ORD0592092223MHSSUV,9/22/2023,September,Maharashtra,South,SUV,4
820,ORD0265091323MHSSDN,9/13/2023,September,Maharashtra,South,Sedan,2
821,ORD0593090323MHSSDN,9/3/2023,September,Maharashtra,South,Sedan,4
822,ORD0266091423GJWHBK,9/14/2023,September,Gujarat,West,Hatchback,4
823,ORD0594090423GJWHBK,9/4/2023,September,Gujarat,West,Hatchback,3
824,ORD0595092323GJWHBK,9/23/2023,September,Gujarat,West,Hatchback,4
825,ORD0267091523GJWSUV,9/15/2023,September,Gujarat,West,SUV,1
826,ORD0596091723GJWSUV,9/17/2023,September,Gujarat,West,SUV,2
827,ORD0597091623GJWSUV,9/16/2023,September,Gujarat,West,SUV,1
828,ORD0598092523GJWSUV,9/25/2023,September,Gujarat,West,SUV,2
829,ORD0599090523GJWSUV,9/5/2023,September,Gujarat,West,SUV,1
830,ORD0268091623GJWSDN,9/16/2023,September,Gujarat,West,Sedan,4
831,ORD0598090623GJWSDN,9/6/2023,September,Gujarat,West,Sedan,4
832,ORD0269091723RJWHBK,9/17/2023,September,Rajasthan,West,Hatchback,2
833,ORD0599090823RJWHBK,9/8/2023,September,Rajasthan,West,Hatchback,4
834,ORD0600091623RJWHBK,9/16/2023,September,Rajasthan,West,Hatchback,2
835,ORD0601092723RJWHBK,9/27/2023,September,Rajasthan,West,Hatchback,4
836,ORD0602090723RJWHBK,9/7/2023,September,Rajasthan,West,Hatchback,2
837,ORD0270091823RJWSUV,9/18/2023,September,Rajasthan,West,SUV,1
838,ORD0603090223RJWSUV,9/2/2023,September,Rajasthan,West,SUV,1
839,ORD0604091723RJWSUV,9/17/2023,September,Rajasthan,West,SUV,2
840,ORD0605092823RJWSUV,9/28/2023,September,Rajasthan,West,SUV,1
841,ORD0606090823RJWSUV,9/8/2023,September,Rajasthan,West,SUV,1
842,ORD0271091923RJWSDN,9/19/2023,September,Rajasthan,West,Sedan,5
843,ORD0607091023RJWSDN,9/10/2023,September,Rajasthan,West,Sedan,3
844,ORD0272092023HANHBK,9/20/2023,September,Haryana,North,Hatchback,6
845,ORD0608091023HANHBK,9/10/2023,September,Haryana,North,Hatchback,4
846,ORD0609092123HANHBK,9/21/2023,September,Haryana,North,Hatchback,3
847,ORD0273092123HANSUV,9/21/2023,September,Haryana,North,SUV,3
848,ORD0610092223HANSUV,9/22/2023,September,Haryana,North,SUV,2
849,ORD0611090123HANSUV,9/1/2023,September,Haryana,North,SUV,1
850,ORD0274092223HANSDN,9/22/2023,September,Haryana,North,Sedan,2
851,ORD0612091223HANSDN,9/12/2023,September,Haryana,North,Sedan,3
852,ORD0613090223HANSDN,9/2/2023,September,Haryana,North,Sedan,4
853,ORD0275092323PNNHBK,9/23/2023,September,Punjab,North,Hatchback,4
854,ORD0614092023PNNHBK,9/20/2023,September,Punjab,North,Hatchback,5
855,ORD0615091323PNNHBK,9/13/2023,September,Punjab,North,Hatchback,6
856,ORD0616090323PNNHBK,9/3/2023,September,Punjab,North,Hatchback,3
857,ORD0276092323PNNSUV,9/23/2023,September,Punjab,North,SUV,2
858,ORD0617091723PNNSUV,9/17/2023,September,Punjab,North,SUV,3
859,ORD0618092023PNNSUV,9/20/2023,September,Punjab,North,SUV,1
860,ORD0619091423PNNSUV,9/14/2023,September,Punjab,North,SUV,1
861,ORD0620090423PNNSUV,9/4/2023,September,Punjab,North,SUV,4
862,ORD0277092523PNNSDN,9/25/2023,September,Punjab,North,Sedan,4
863,ORD0621091523PNNSDN,9/15/2023,September,Punjab,North,Sedan,3
864,ORD0622090523PNNSDN,9/5/2023,September,Punjab,North,Sedan,2
865,ORD0278092623UPNHBK,9/26/2023,September,Uttar Pradesh,North,Hatchback,4
866,ORD0623090323UPNHBK,9/3/2023,September,Uttar Pradesh,North,Hatchback,5
867,ORD0623092323UPNHBK,9/23/2023,September,Uttar Pradesh,North,Hatchback,5
868,ORD0625090623UPNHBK,9/6/2023,September,Uttar Pradesh,North,Hatchback,4
869,ORD0626091623UPNHBK,9/16/2023,September,Uttar Pradesh,North,Hatchback,3
870,ORD0279092723UPNSUV,9/27/2023,September,Uttar Pradesh,North,SUV,2
871,ORD0627091523UPNSUV,9/15/2023,September,Uttar Pradesh,North,SUV,1
872,ORD0628092323UPNSUV,9/23/2023,September,Uttar Pradesh,North,SUV,3
873,ORD0629091723UPNSUV,9/17/2023,September,Uttar Pradesh,North,SUV,4
874,ORD0630090723UPNSUV,9/7/2023,September,Uttar Pradesh,North,SUV,2
875,ORD0280092823UPNSDN,9/28/2023,September,Uttar Pradesh,North,Sedan,5
876,ORD0631090823UPNSDN,9/8/2023,September,Uttar Pradesh,North,Sedan,4
877,ORD0281092923WBEHBK,9/29/2023,September,West Bengal,East,Hatchback,4
878,ORD0632090923WBEHBK,9/9/2023,September,West Bengal,East,Hatchback,4
879,ORD0282093023WBESUV,9/30/2023,September,West Bengal,East,SUV,3
880,ORD0634092023WBESUV,9/20/2023,September,West Bengal,East,SUV,4
881,ORD0635090223WBESDN,9/2/2023,September,West Bengal,East,Sedan,3
882,ORD0636090323WBESDN,9/3/2023,September,West Bengal,East,Sedan,2
883,ORD0284100123TNSHBK,10/1/2023,October,Tamil Nadu,South,Hatchback,3
884,ORD0637101123TNSHBK,10/11/2023,October,Tamil Nadu,South,Hatchback,2
885,ORD0638102123TNSHBK,10/21/2023,October,Tamil Nadu,South,Hatchback,1
886,ORD0639103123TNSHBK,10/31/2023,October,Tamil Nadu,South,Hatchback,2
887,ORD0640101123TNSHBK,10/11/2023,October,Tamil Nadu,South,Hatchback,3
888,ORD0641101223TNSHBK,10/12/2023,October,Tamil Nadu,South,Hatchback,2
889,ORD0285100223TNSSUV,10/2/2023,October,Tamil Nadu,South,SUV,5
890,ORD0642101323TNSSUV,10/13/2023,October,Tamil Nadu,South,SUV,3
891,ORD0643102223TNSSUV,10/22/2023,October,Tamil Nadu,South,SUV,3
892,ORD0644101223TNSSUV,10/12/2023,October,Tamil Nadu,South,SUV,5
893,ORD0286100323TNSSDN,10/3/2023,October,Tamil Nadu,South,Sedan,2
894,ORD0645101323TNSSDN,10/13/2023,October,Tamil Nadu,South,Sedan,2
895,ORD0646102323TNSSDN,10/23/2023,October,Tamil Nadu,South,Sedan,2
896,ORD0287100423KASHBK,10/4/2023,October,Karnataka,South,Hatchback,3
897,ORD0647102323KASHBK,10/23/2023,October,Karnataka,South,Hatchback,2
898,ORD0648101423KASHBK,10/14/2023,October,Karnataka,South,Hatchback,3
899,ORD0288100523KASSUV,10/5/2023,October,Karnataka,South,SUV,4
900,ORD0649100923KASSUV,10/9/2023,October,Karnataka,South,SUV,3
901,ORD0650100823KASSUV,10/8/2023,October,Karnataka,South,SUV,4
902,ORD0651100723KASSUV,10/7/2023,October,Karnataka,South,SUV,5
903,ORD0652102523KASSUV,10/25/2023,October,Karnataka,South,SUV,4
904,ORD0653101523KASSUV,10/15/2023,October,Karnataka,South,SUV,3
905,ORD0289100623KASSDN,10/6/2023,October,Karnataka,South,Sedan,2
906,ORD0654102623KASSDN,10/26/2023,October,Karnataka,South,Sedan,2
907,ORD0655101623KASSDN,10/16/2023,October,Karnataka,South,Sedan,3
908,ORD0290100723APSHBK,10/7/2023,October,Andhra Pradesh,South,Hatchback,3
909,ORD0656101223APSHBK,10/12/2023,October,Andhra Pradesh,South,Hatchback,2
910,ORD0657101423APSHBK,10/14/2023,October,Andhra Pradesh,South,Hatchback,1
911,ORD0658102723APSHBK,10/27/2023,October,Andhra Pradesh,South,Hatchback,3
912,ORD0659101723APSHBK,10/17/2023,October,Andhra Pradesh,South,Hatchback,1
913,ORD0291100823APSSUV,10/8/2023,October,Andhra Pradesh,South,SUV,5
914,ORD0660100523APSSUV,10/5/2023,October,Andhra Pradesh,South,SUV,4
915,ORD0661100723APSSUV,10/7/2023,October,Andhra Pradesh,South,SUV,3
916,ORD0662100123APSSUV,10/1/2023,October,Andhra Pradesh,South,SUV,5
917,ORD0663102823APSSUV,10/28/2023,October,Andhra Pradesh,South,SUV,4
918,ORD0664101823APSSUV,10/18/2023,October,Andhra Pradesh,South,SUV,3
919,ORD0292100923APSSDN,10/9/2023,October,Andhra Pradesh,South,Sedan,2
920,ORD0665101923APSSDN,10/19/2023,October,Andhra Pradesh,South,Sedan,4
921,ORD0293101023MHSHBK,10/10/2023,October,Maharashtra,South,Hatchback,3
922,ORD0666101123MHSHBK,10/11/2023,October,Maharashtra,South,Hatchback,4
923,ORD0294101123MHSSUV,10/11/2023,October,Maharashtra,South,SUV,3
924,ORD0667100123MHSSUV,10/1/2023,October,Maharashtra,South,SUV,5
925,ORD0668102123MHSSUV,10/21/2023,October,Maharashtra,South,SUV,4
926,ORD0669101323MHSSUV,10/13/2023,October,Maharashtra,South,SUV,5
927,ORD0670101423MHSSUV,10/14/2023,October,Maharashtra,South,SUV,4
928,ORD0671101523MHSSUV,10/15/2023,October,Maharashtra,South,SUV,3
929,ORD0295101223MHSSDN,10/12/2023,October,Maharashtra,South,Sedan,3
930,ORD0672100223MHSSDN,10/2/2023,October,Maharashtra,South,Sedan,3
931,ORD0296101323GJWHBK,10/13/2023,October,Gujarat,West,Hatchback,5
932,ORD0673100323GJWHBK,10/3/2023,October,Gujarat,West,Hatchback,3
933,ORD0297101423GJWSUV,10/14/2023,October,Gujarat,West,SUV,2
934,ORD0674102723GJWSUV,10/27/2023,October,Gujarat,West,SUV,1
935,ORD0675101523GJWSUV,10/15/2023,October,Gujarat,West,SUV,1
936,ORD0676101223GJWSUV,10/12/2023,October,Gujarat,West,SUV,2
937,ORD0677102323GJWSUV,10/23/2023,October,Gujarat,West,SUV,1
938,ORD0678100423GJWSUV,10/4/2023,October,Gujarat,West,SUV,2
939,ORD0298101523GJWSDN,10/15/2023,October,Gujarat,West,Sedan,5
940,ORD0679100523GJWSDN,10/5/2023,October,Gujarat,West,Sedan,4
941,ORD0299101623RJWHBK,10/16/2023,October,Rajasthan,West,Hatchback,5
942,ORD0680100623RJWHBK,10/6/2023,October,Rajasthan,West,Hatchback,4
943,ORD0300101723RJWSUV,10/17/2023,October,Rajasthan,West,SUV,3
944,ORD0681100723RJWSUV,10/7/2023,October,Rajasthan,West,SUV,3
945,ORD0301101823RJWSDN,10/18/2023,October,Rajasthan,West,Sedan,4
946,ORD0682100823RJWSDN,10/8/2023,October,Rajasthan,West,Sedan,4
947,ORD0302101923HANHBK,10/19/2023,October,Haryana,North,Hatchback,6
948,ORD0683100923HANHBK,10/9/2023,October,Haryana,North,Hatchback,5
949,ORD0303102023HANSUV,10/20/2023,October,Haryana,North,SUV,3
950,ORD0684101023HANSUV,10/10/2023,October,Haryana,North,SUV,3
951,ORD0304102123HANSDN,10/21/2023,October,Haryana,North,Sedan,5
952,ORD0685101123HANSDN,10/11/2023,October,Haryana,North,Sedan,3
953,ORD0305102223PNNHBK,10/22/2023,October,Punjab,North,Hatchback,5
954,ORD0686101523PNNHBK,10/15/2023,October,Punjab,North,Hatchback,5
955,ORD0687101423PNNHBK,10/14/2023,October,Punjab,North,Hatchback,3
956,ORD0688102323PNNHBK,10/23/2023,October,Punjab,North,Hatchback,3
957,ORD0689101223PNNHBK,10/12/2023,October,Punjab,North,Hatchback,4
958,ORD0690100223PNNHBK,10/2/2023,October,Punjab,North,Hatchback,4
959,ORD0306102323PNNSUV,10/23/2023,October,Punjab,North,SUV,3
960,ORD0690100223PNNSUV,10/2/2023,October,Punjab,North,SUV,4
961,ORD0691100123PNNSUV,10/1/2023,October,Punjab,North,SUV,1
962,ORD0692102123PNNSUV,10/21/2023,October,Punjab,North,SUV,1
963,ORD0693102023PNNSUV,10/20/2023,October,Punjab,North,SUV,2
964,ORD0694100323PNNSUV,10/3/2023,October,Punjab,North,SUV,2
965,ORD0307102323PNNSDN,10/23/2023,October,Punjab,North,Sedan,4
966,ORD0695102023PNNSDN,10/20/2023,October,Punjab,North,Sedan,4
967,ORD0308102523UPNHBK,10/25/2023,October,Uttar Pradesh,North,Hatchback,4
968,ORD0696102323UPNHBK,10/23/2023,October,Uttar Pradesh,North,Hatchback,5
969,ORD0697101523UPNHBK,10/15/2023,October,Uttar Pradesh,North,Hatchback,3
970,ORD0698100523UPNHBK,10/5/2023,October,Uttar Pradesh,North,Hatchback,5
971,ORD0309102623UPNSUV,10/26/2023,October,Uttar Pradesh,North,SUV,4
972,ORD0699101623UPNSUV,10/16/2023,October,Uttar Pradesh,North,SUV,2
973,ORD0310102723UPNSDN,10/27/2023,October,Uttar Pradesh,North,Sedan,4
974,ORD0700101723UPNSDN,10/17/2023,October,Uttar Pradesh,North,Sedan,3
975,ORD0701100723UPNSDN,10/7/2023,October,Uttar Pradesh,North,Sedan,4
976,ORD0311102823WBEHBK,10/28/2023,October,West Bengal,East,Hatchback,3
977,ORD0702100823WBEHBK,10/8/2023,October,West Bengal,East,Hatchback,2
978,ORD0703101823WBEHBK,10/18/2023,October,West Bengal,East,Hatchback,3
979,ORD0312102923WBESUV,10/29/2023,October,West Bengal,East,SUV,2
980,ORD0704100923WBESUV,10/9/2023,October,West Bengal,East,SUV,1
981,ORD0705102023WBESUV,10/20/2023,October,West Bengal,East,SUV,4
982,ORD0313103023WBESDN,10/30/2023,October,West Bengal,East,Sedan,2
983,ORD0706101023WBESDN,10/10/2023,October,West Bengal,East,Sedan,3
984,ORD0707102023WBESDN,10/20/2023,October,West Bengal,East,Sedan,2
985,ORD0314110123TNSHBK,11/1/2023,November,Tamil Nadu,South,Hatchback,3
986,ORD0708111123TNSHBK,11/11/2023,November,Tamil Nadu,South,Hatchback,2
987,ORD0709112123TNSHBK,11/21/2023,November,Tamil Nadu,South,Hatchback,3
988,ORD0315110223TNSSUV,11/2/2023,November,Tamil Nadu,South,SUV,4
989,ORD0710111223TNSSUV,11/12/2023,November,Tamil Nadu,South,SUV,5
990,ORD0711112223TNSSUV,11/22/2023,November,Tamil Nadu,South,SUV,3
991,ORD0712112323TNSSUV,11/23/2023,November,Tamil Nadu,South,SUV,5
992,ORD0713112523TNSSUV,11/25/2023,November,Tamil Nadu,South,SUV,5
993,ORD0714112623TNSSUV,11/26/2023,November,Tamil Nadu,South,SUV,3
994,ORD0316110323TNSSDN,11/3/2023,November,Tamil Nadu,South,Sedan,3
995,ORD0715111323TNSSDN,11/13/2023,November,Tamil Nadu,South,Sedan,2
996,ORD0317110423KASHBK,11/4/2023,November,Karnataka,South,Hatchback,2
997,ORD0716110223KASHBK,11/2/2023,November,Karnataka,South,Hatchback,3
998,ORD0718110723KASHBK,11/7/2023,November,Karnataka,South,Hatchback,1
999,ORD0717110623KASHBK,11/6/2023,November,Karnataka,South,Hatchback,3
1000,ORD0719112323KASHBK,11/23/2023,November,Karnataka,South,Hatchback,2
1001,ORD0720111423KASHBK,11/14/2023,November,Karnataka,South,Hatchback,3
1002,ORD0318110523KASSUV,11/5/2023,November,Karnataka,South,SUV,5
1003,ORD0721111523KASSUV,11/15/2023,November,Karnataka,South,SUV,4
1004,ORD0722110723KASSUV,11/7/2023,November,Karnataka,South,SUV,5
1005,ORD0319110623KASSDN,11/6/2023,November,Karnataka,South,Sedan,4
1006,ORD0320110723APSHBK,11/7/2023,November,Andhra Pradesh,South,Hatchback,3
1007,ORD0723111823APSHBK,11/18/2023,November,Andhra Pradesh,South,Hatchback,2
1008,ORD0723110623APSHBK,11/6/2023,November,Andhra Pradesh,South,Hatchback,1
1009,ORD0725112723APSHBK,11/27/2023,November,Andhra Pradesh,South,Hatchback,3
1010,ORD0726111723APSHBK,11/17/2023,November,Andhra Pradesh,South,Hatchback,2
1011,ORD0321110823APSSUV,11/8/2023,November,Andhra Pradesh,South,SUV,4
1012,ORD0727111823APSSUV,11/18/2023,November,Andhra Pradesh,South,SUV,5
1013,ORD0728112823APSSUV,11/28/2023,November,Andhra Pradesh,South,SUV,4
1014,ORD0322110923APSSDN,11/9/2023,November,Andhra Pradesh,South,Sedan,2
1015,ORD0729112923APSSDN,11/29/2023,November,Andhra Pradesh,South,Sedan,3
1016,ORD0730111923APSSDN,11/19/2023,November,Andhra Pradesh,South,Sedan,2
1017,ORD0323111023MHSHBK,11/10/2023,November,Maharashtra,South,Hatchback,2
1018,ORD0731112023MHSHBK,11/20/2023,November,Maharashtra,South,Hatchback,3
1019,ORD0732111423MHSHBK,11/14/2023,November,Maharashtra,South,Hatchback,1
1020,ORD0733111223MHSHBK,11/12/2023,November,Maharashtra,South,Hatchback,2
1021,ORD0734111123MHSHBK,11/11/2023,November,Maharashtra,South,Hatchback,3
1022,ORD0323111123MHSSUV,11/11/2023,November,Maharashtra,South,SUV,6
1023,ORD0735110123MHSSUV,11/1/2023,November,Maharashtra,South,SUV,5
1024,ORD0325111223MHSSDN,11/12/2023,November,Maharashtra,South,Sedan,3
1025,ORD0736112223MHSSDN,11/22/2023,November,Maharashtra,South,Sedan,3
1026,ORD0737110223MHSSDN,11/2/2023,November,Maharashtra,South,Sedan,1
1027,ORD0326111323GJWHBK,11/13/2023,November,Gujarat,West,Hatchback,4
1028,ORD0738112323GJWHBK,11/23/2023,November,Gujarat,West,Hatchback,3
1029,ORD0739110323GJWHBK,11/3/2023,November,Gujarat,West,Hatchback,4
1030,ORD0327111423GJWSUV,11/14/2023,November,Gujarat,West,SUV,1
1031,ORD0740110723GJWSUV,11/7/2023,November,Gujarat,West,SUV,2
1032,ORD0741111323GJWSUV,11/13/2023,November,Gujarat,West,SUV,1
1033,ORD0742111223GJWSUV,11/12/2023,November,Gujarat,West,SUV,1
1034,ORD0743112323GJWSUV,11/23/2023,November,Gujarat,West,SUV,2
1035,ORD0744110423GJWSUV,11/4/2023,November,Gujarat,West,SUV,1
1036,ORD0328111523GJWSDN,11/15/2023,November,Gujarat,West,Sedan,5
1037,ORD0745110523GJWSDN,11/5/2023,November,Gujarat,West,Sedan,3
1038,ORD0329111623RJWHBK,11/16/2023,November,Rajasthan,West,Hatchback,4
1039,ORD0746110623RJWHBK,11/6/2023,November,Rajasthan,West,Hatchback,2
1040,ORD0747111523RJWHBK,11/15/2023,November,Rajasthan,West,Hatchback,3
1041,ORD0748112623RJWHBK,11/26/2023,November,Rajasthan,West,Hatchback,5
1042,ORD0749110623RJWHBK,11/6/2023,November,Rajasthan,West,Hatchback,2
1043,ORD0330111723RJWSUV,11/17/2023,November,Rajasthan,West,SUV,2
1044,ORD0750111223RJWSUV,11/12/2023,November,Rajasthan,West,SUV,1
1045,ORD0751111023RJWSUV,11/10/2023,November,Rajasthan,West,SUV,1
1046,ORD0752112723RJWSUV,11/27/2023,November,Rajasthan,West,SUV,1
1047,ORD0753110723RJWSUV,11/7/2023,November,Rajasthan,West,SUV,2
1048,ORD0331111823RJWSDN,11/18/2023,November,Rajasthan,West,Sedan,4
1049,ORD0754110823RJWSDN,11/8/2023,November,Rajasthan,West,Sedan,3
1050,ORD0332111923HANHBK,11/19/2023,November,Haryana,North,Hatchback,4
1051,ORD0755111823HANHBK,11/18/2023,November,Haryana,North,Hatchback,5
1052,ORD0756110923HANHBK,11/9/2023,November,Haryana,North,Hatchback,4
1053,ORD0333112023HANSUV,11/20/2023,November,Haryana,North,SUV,3
1054,ORD0757111023HANSUV,11/10/2023,November,Haryana,North,SUV,2
1055,ORD0758112123HANSUV,11/21/2023,November,Haryana,North,SUV,1
1056,ORD0334112123HANSDN,11/21/2023,November,Haryana,North,Sedan,3
1057,ORD0759110123HANSDN,11/1/2023,November,Haryana,North,Sedan,2
1058,ORD0760111123HANSDN,11/11/2023,November,Haryana,North,Sedan,4
1059,ORD0335112223PNNHBK,11/22/2023,November,Punjab,North,Hatchback,4
1060,ORD0761112023PNNHBK,11/20/2023,November,Punjab,North,Hatchback,4
1061,ORD0762110223PNNHBK,11/2/2023,November,Punjab,North,Hatchback,5
1062,ORD0336112323PNNSUV,11/23/2023,November,Punjab,North,SUV,1
1063,ORD0763111323PNNSUV,11/13/2023,November,Punjab,North,SUV,4
1064,ORD0764110323PNNSUV,11/3/2023,November,Punjab,North,SUV,3
1065,ORD0337112323PNNSDN,11/23/2023,November,Punjab,North,Sedan,4
1066,ORD0765110423PNNSDN,11/4/2023,November,Punjab,North,Sedan,4
1067,ORD0338112523UPNHBK,11/25/2023,November,Uttar Pradesh,North,Hatchback,5
1068,ORD0766111523UPNHBK,11/15/2023,November,Uttar Pradesh,North,Hatchback,4
1069,ORD0767110523UPNHBK,11/5/2023,November,Uttar Pradesh,North,Hatchback,5
1070,ORD0339112623UPNSUV,11/26/2023,November,Uttar Pradesh,North,SUV,3
1071,ORD0768111623UPNSUV,11/16/2023,November,Uttar Pradesh,North,SUV,2
1072,ORD0769110623UPNSUV,11/6/2023,November,Uttar Pradesh,North,SUV,2
1073,ORD0340112723UPNSDN,11/27/2023,November,Uttar Pradesh,North,Sedan,3
1074,ORD0770112023UPNSDN,11/20/2023,November,Uttar Pradesh,North,Sedan,4
1075,ORD0771110723UPNSDN,11/7/2023,November,Uttar Pradesh,North,Sedan,3
1076,ORD0341112823WBEHBK,11/28/2023,November,West Bengal,East,Hatchback,3
1077,ORD0772111823WBEHBK,11/18/2023,November,West Bengal,East,Hatchback,2
1078,ORD0773110823WBEHBK,11/8/2023,November,West Bengal,East,Hatchback,3
1079,ORD0342112923WBESUV,11/29/2023,November,West Bengal,East,SUV,2
1080,ORD0774111923WBESUV,11/19/2023,November,West Bengal,East,SUV,3
1081,ORD0775110923WBESUV,11/9/2023,November,West Bengal,East,SUV,3
1082,ORD0343113023WBESDN,11/30/2023,November,West Bengal,East,Sedan,3
1083,ORD0776111023WBESDN,11/10/2023,November,West Bengal,East,Sedan,2
1084,ORD0777111023WBESDN,11/10/2023,November,West Bengal,East,Sedan,3
1085,ORD0344120123TNSHBK,12/1/2023,December,Tamil Nadu,South,Hatchback,1
1086,ORD0778121123TNSHBK,12/11/2023,December,Tamil Nadu,South,Hatchback,2
1087,ORD0779120323TNSHBK,12/3/2023,December,Tamil Nadu,South,Hatchback,3
1088,ORD0780120223TNSHBK,12/2/2023,December,Tamil Nadu,South,Hatchback,3
1089,ORD0781122123TNSHBK,12/21/2023,December,Tamil Nadu,South,Hatchback,2
1090,ORD0782121123TNSHBK,12/11/2023,December,Tamil Nadu,South,Hatchback,3
1091,ORD0345120223TNSSUV,12/2/2023,December,Tamil Nadu,South,SUV,4
1092,ORD0783120123TNSSUV,12/1/2023,December,Tamil Nadu,South,SUV,4
1093,ORD0784122223TNSSUV,12/22/2023,December,Tamil Nadu,South,SUV,3
1094,ORD0785121223TNSSUV,12/12/2023,December,Tamil Nadu,South,SUV,4
1095,ORD0346120323TNSSDN,12/3/2023,December,Tamil Nadu,South,Sedan,2
1096,ORD0786122323TNSSDN,12/23/2023,December,Tamil Nadu,South,Sedan,2
1097,ORD0787121323TNSSDN,12/13/2023,December,Tamil Nadu,South,Sedan,2
1098,ORD0347120623KASHBK,12/6/2023,December,Karnataka,South,Hatchback,3
1099,ORD0788120223KASHBK,12/2/2023,December,Karnataka,South,Hatchback,2
1100,ORD0789120123KASHBK,12/1/2023,December,Karnataka,South,Hatchback,1
1101,ORD0790120723KASHBK,12/7/2023,December,Karnataka,South,Hatchback,3
1102,ORD0791122623KASHBK,12/26/2023,December,Karnataka,South,Hatchback,1
1103,ORD0792121623KASHBK,12/16/2023,December,Karnataka,South,Hatchback,3
1104,ORD0348120723KASSUV,12/7/2023,December,Karnataka,South,SUV,4
1105,ORD0793122723KASSUV,12/27/2023,December,Karnataka,South,SUV,4
1106,ORD0794121723KASSUV,12/17/2023,December,Karnataka,South,SUV,4
1107,ORD0349120823KASSDN,12/8/2023,December,Karnataka,South,Sedan,2
1108,ORD0795122823KASSDN,12/28/2023,December,Karnataka,South,Sedan,3
1109,ORD0796121823KASSDN,12/18/2023,December,Karnataka,South,Sedan,2
1110,ORD0350120923APSHBK,12/9/2023,December,Andhra Pradesh,South,Hatchback,2
1111,ORD0797122923APSHBK,12/28/2023,December,Andhra Pradesh,South,Hatchback,3
1112,ORD0798121923APSHBK,12/19/2023,December,Andhra Pradesh,South,Hatchback,1
1113,ORD0351121023APSSUV,12/10/2023,December,Andhra Pradesh,South,SUV,4
1114,ORD0799122023APSSUV,12/20/2023,December,Andhra Pradesh,South,SUV,5
1115,ORD0800121423APSSUV,12/14/2023,December,Andhra Pradesh,South,SUV,4
1116,ORD0801121223APSSUV,12/12/2023,December,Andhra Pradesh,South,SUV,4
1117,ORD0802121123APSSUV,12/11/2023,December,Andhra Pradesh,South,SUV,5
1118,ORD0352121123APSSDN,12/11/2023,December,Andhra Pradesh,South,Sedan,2
1119,ORD0803121223APSSDN,12/12/2023,December,Andhra Pradesh,South,Sedan,3
1120,ORD0804120123APSSDN,12/1/2023,December,Andhra Pradesh,South,Sedan,3
1121,ORD0353121223MHSHBK,12/12/2023,December,Maharashtra,South,Hatchback,4
1122,ORD0805120223MHSHBK,12/2/2023,December,Maharashtra,South,Hatchback,2
1123,ORD0354121323MHSSUV,12/13/2023,December,Maharashtra,South,SUV,5
1124,ORD0806122323MHSSUV,12/23/2023,December,Maharashtra,South,SUV,4
1125,ORD0807120323MHSSUV,12/3/2023,December,Maharashtra,South,SUV,5
1126,ORD0355121423MHSSDN,12/14/2023,December,Maharashtra,South,Sedan,4
1127,ORD0808121523MHSSDN,12/15/2023,December,Maharashtra,South,Sedan,3
1128,ORD0809122323MHSSDN,12/23/2023,December,Maharashtra,South,Sedan,4
1129,ORD0810120423MHSSDN,12/4/2023,December,Maharashtra,South,Sedan,2
1130,ORD0356121523GJWHBK,12/15/2023,December,Gujarat,West,Hatchback,3
1131,ORD0811122523GJWHBK,12/25/2023,December,Gujarat,West,Hatchback,4
1132,ORD0812120523GJWHBK,12/5/2023,December,Gujarat,West,Hatchback,3
1133,ORD0357121623GJWSUV,12/16/2023,December,Gujarat,West,SUV,1
1134,ORD0813122623GJWSUV,12/26/2023,December,Gujarat,West,SUV,1
1135,ORD0814120623GJWSUV,12/6/2023,December,Gujarat,West,SUV,1
1136,ORD0358121723GJWSDN,12/17/2023,December,Gujarat,West,Sedan,3
1137,ORD0815121623GJWSDN,12/16/2023,December,Gujarat,West,Sedan,4
1138,ORD0816122723GJWSDN,12/27/2023,December,Gujarat,West,Sedan,2
1139,ORD0817120723GJWSDN,12/7/2023,December,Gujarat,West,Sedan,4
1140,ORD0359121823RJWHBK,12/18/2023,December,Rajasthan,West,Hatchback,3
1141,ORD0818122823RJWHBK,12/28/2023,December,Rajasthan,West,Hatchback,4
1142,ORD0819120823RJWHBK,12/8/2023,December,Rajasthan,West,Hatchback,3
1143,ORD0360121923RJWSUV,12/19/2023,December,Rajasthan,West,SUV,2
1144,ORD0820120923RJWSUV,12/9/2023,December,Rajasthan,West,SUV,1
1145,ORD0821121823RJWSUV,12/18/2023,December,Rajasthan,West,SUV,1
1146,ORD0822122923RJWSUV,12/28/2023,December,Rajasthan,West,SUV,2
1147,ORD0823120923RJWSUV,12/9/2023,December,Rajasthan,West,SUV,1
1148,ORD0361122023RJWSDN,12/20/2023,December,Rajasthan,West,Sedan,4
1149,ORD0823122223RJWSDN,12/22/2023,December,Rajasthan,West,Sedan,3
1150,ORD0825122123RJWSDN,12/21/2023,December,Rajasthan,West,Sedan,4
1151,ORD0362122123HANHBK,12/21/2023,December,Haryana,North,Hatchback,7
1152,ORD0826122223HANHBK,12/22/2023,December,Haryana,North,Hatchback,8
1153,ORD0827122023HANHBK,12/20/2023,December,Haryana,North,Hatchback,7
1154,ORD0363122223HANSUV,12/22/2023,December,Haryana,North,SUV,4
1155,ORD0828120223HANSUV,12/2/2023,December,Haryana,North,SUV,3
1156,ORD0364122323HANSDN,12/23/2023,December,Haryana,North,Sedan,4
1157,ORD0829120323HANSDN,12/3/2023,December,Haryana,North,Sedan,4
1158,ORD0365122323PNNHBK,12/23/2023,December,Punjab,North,Hatchback,4
1159,ORD0830122223PNNHBK,12/22/2023,December,Punjab,North,Hatchback,5
1160,ORD0831121423PNNHBK,12/14/2023,December,Punjab,North,Hatchback,4
1161,ORD0832120423PNNHBK,12/4/2023,December,Punjab,North,Hatchback,5
1162,ORD0366122523PNNSUV,12/25/2023,December,Punjab,North,SUV,2
1163,ORD0833120523PNNSUV,12/5/2023,December,Punjab,North,SUV,3
1164,ORD0834122123PNNSUV,12/21/2023,December,Punjab,North,SUV,3
1165,ORD0835122023PNNSUV,12/20/2023,December,Punjab,North,SUV,3
1166,ORD0836122323PNNSUV,12/23/2023,December,Punjab,North,SUV,2
1167,ORD0367122623PNNSDN,12/26/2023,December,Punjab,North,Sedan,3
1168,ORD0837121623PNNSDN,12/16/2023,December,Punjab,North,Sedan,4
1169,ORD0838120623PNNSDN,12/6/2023,December,Punjab,North,Sedan,3
1170,ORD0368122723UPNHBK,12/27/2023,December,Uttar Pradesh,North,Hatchback,5
1171,ORD0839121723UPNHBK,12/17/2023,December,Uttar Pradesh,North,Hatchback,5
1172,ORD0840120723UPNHBK,12/7/2023,December,Uttar Pradesh,North,Hatchback,4
1173,ORD0369122823UPNSUV,12/28/2023,December,Uttar Pradesh,North,SUV,4
1174,ORD0841120823UPNSUV,12/8/2023,December,Uttar Pradesh,North,SUV,3
1175,ORD0842121823UPNSUV,12/18/2023,December,Uttar Pradesh,North,SUV,1
1176,ORD0370122923UPNSDN,12/28/2023,December,Uttar Pradesh,North,Sedan,3
1177,ORD0843121923UPNSDN,12/19/2023,December,Uttar Pradesh,North,Sedan,3
1178,ORD0844120923UPNSDN,12/9/2023,December,Uttar Pradesh,North,Sedan,4
1179,ORD0371123023WBEHBK,12/28/2023,December,West Bengal,East,Hatchback,2
1180,ORD0845120623WBEHBK,12/6/2023,December,West Bengal,East,Hatchback,3
1181,ORD0846122023WBEHBK,12/20/2023,December,West Bengal,East,Hatchback,1
1182,ORD0847121023WBEHBK,12/10/2023,December,West Bengal,East,Hatchback,1
1183,ORD0848123023WBEHBK,12/28/2023,December,West Bengal,East,Hatchback,2
1184,ORD0372123123WBESUV,12/31/2023,December,West Bengal,East,SUV,3
1185,ORD0849122323WBESUV,12/23/2023,December,West Bengal,East,SUV,2
1186,ORD0850123023WBESUV,12/28/2023,December,West Bengal,East,SUV,3
1187,ORD0851122123WBESUV,12/21/2023,December,West Bengal,East,SUV,1
1188,ORD0852121123WBESUV,12/11/2023,December,West Bengal,East,SUV,3
1189,ORD0853120123WBESUV,12/1/2023,December,West Bengal,East,SUV,1
1190,ORD0373123123WBESDN,12/31/2023,December,West Bengal,East,Sedan,4
1191,ORD0854122123WBESDN,12/21/2023,December,West Bengal,East,Sedan,3
1192,ORD0855120123WBESDN,12/1/2023,December,West Bengal,East,Sedan,3